"_id"	actualArrivalDate	actualStatus	actualStopId	busId	eta	isGo2Work	updated
5af30600bebf671038be1573		0	5ae8336c748fb2a67c5f6e56	5ae8393c3023169da447c2ae	8.0		2018-05-08T23:37:25.221Z
5af3062bbebf671038be1574		0	5ae8355a567e17937cf407e4	5ae8399c3023169da447c2af	3.0		2018-05-08T23:37:25.221Z
5af3074bbebf671038be1575		0	5ae83659567e17937cf407ea	5ae839d23023169da447c2b0	4.0		2018-05-08T23:37:25.221Z
5af3859cb376e40fa8cbacc5	2018-05-09T23:34:52.522Z	1	5ae8336c748fb2a67c5f6e56	5ae8393c3023169da447c2ae	13		2018-05-09T23:29:53.709Z
5af38716bb0e3210ecd202e5		0	5ae8353d567e17937cf407e3	5ae8393c3023169da447c2ae			2018-05-09T23:40:26.301Z
5af421c4c8458213c00520b9	2018-05-10T10:41:08.916Z	1	5ae834df567e17937cf407e1	5ae8393c3023169da447c2ae	13		2018-05-10T01:23:25.087Z
5af421d6c8458213c00520bb	2018-05-10T10:41:26.750Z	1	5ae834df567e17937cf407e1	5ae8393c3023169da447c2ae	13		2018-05-10T01:23:25.087Z
5af421e7c8458213c00520bd	2018-05-10T10:41:43.427Z	1	5ae834df567e17937cf407e1	5ae8393c3023169da447c2ae	13		2018-05-10T01:23:25.087Z
5af421f7c8458213c00520bf	2018-05-10T10:41:59.529Z	1	5ae834df567e17937cf407e1	5ae8393c3023169da447c2ae	13		2018-05-10T01:23:25.087Z
5af42207c8458213c00520c1	2018-05-10T10:42:15.586Z	1	5ae834df567e17937cf407e1	5ae8393c3023169da447c2ae	13		2018-05-10T01:23:25.087Z
5af42217c8458213c00520c3	2018-05-10T10:42:31.650Z	1	5ae834df567e17937cf407e1	5ae8393c3023169da447c2ae	13		2018-05-10T01:23:25.087Z
5af42227c8458213c00520c5	2018-05-10T10:42:47.689Z	1	5ae834df567e17937cf407e1	5ae8393c3023169da447c2ae	13		2018-05-10T01:23:25.087Z
5af42237c8458213c00520c7	2018-05-10T10:43:03.752Z	1	5ae834df567e17937cf407e1	5ae8393c3023169da447c2ae	13		2018-05-10T01:23:25.087Z
5af42247c8458213c00520c9	2018-05-10T10:43:19.885Z	1	5ae834df567e17937cf407e1	5ae8393c3023169da447c2ae	13		2018-05-10T01:23:25.087Z
5af42257c8458213c00520cb	2018-05-10T10:43:35.900Z	1	5ae834df567e17937cf407e1	5ae8393c3023169da447c2ae	13		2018-05-10T01:23:25.087Z
5af4484cc8458213c0052109		1	5ae834df567e17937cf407e1	5ae8393c3023169da447c2ae			2018-05-10T01:23:25.087Z
5af44881c8458213c005210a		1	5ae834df567e17937cf407e1	5ae8393c3023169da447c2ae			2018-05-10T01:23:25.087Z
5af44911c8458213c005210b		1	5ae834df567e17937cf407e1	5ae8393c3023169da447c2ae	4		2018-05-10T01:23:25.087Z
5af4493ec8458213c005210c		1	5ae834df567e17937cf407e1	5ae8393c3023169da447c2ae	4		2018-05-10T01:23:25.087Z
5af467b9c8458213c005210d		0	5ae835ad567e17937cf407e6	5ae8399c3023169da447c2af	6		2018-05-10T01:23:25.087Z
5af4681dc8458213c005210e		1	5ae83673567e17937cf407eb	5ae839d23023169da447c2b0	6		2018-05-10T01:23:25.087Z
5af46ee7267a2d11d82a9768		0	5ae83320748fb2a67c5f6e54	5ae8393c3023169da447c2ae	4		2018-05-10T16:10:15.488Z
5af4d40e267a2d11d82a976a	2018-05-10T23:21:50.960Z	1	5ae83320748fb2a67c5f6e54	5ae8393c3023169da447c2ae	13		2018-05-10T23:21:50.960Z
5af4d483267a2d11d82a9772	2018-05-10T23:23:47.727Z	2	5ae83320748fb2a67c5f6e54	5ae8393c3023169da447c2ae	13		2018-05-10T23:23:47.727Z
5af4d483267a2d11d82a9773		0	5ae8334c748fb2a67c5f6e55	5ae8393c3023169da447c2ae	13		2018-05-10T23:23:47.729Z
5af4d4d7267a2d11d82a9779	2018-05-10T23:25:11.415Z	1	5ae8334c748fb2a67c5f6e55	5ae8393c3023169da447c2ae	13		2018-05-10T23:25:11.415Z
5af4d568267a2d11d82a9783	2018-05-10T23:27:36.105Z	2	5ae8334c748fb2a67c5f6e55	5ae8393c3023169da447c2ae	13		2018-05-10T23:27:36.105Z
5af4d568267a2d11d82a9784		0	5ae8336c748fb2a67c5f6e56	5ae8393c3023169da447c2ae	13		2018-05-10T23:27:36.107Z
5af4d71c267a2d11d82a979e	2018-05-10T23:34:52.824Z	1	5ae8336c748fb2a67c5f6e56	5ae8393c3023169da447c2ae	13		2018-05-10T23:34:52.824Z
5af4d7b1267a2d11d82a97a8	2018-05-10T23:37:21.814Z	2	5ae8336c748fb2a67c5f6e56	5ae8393c3023169da447c2ae	13		2018-05-10T23:37:21.814Z
5af4d7b1267a2d11d82a97a9		0	5ae834df567e17937cf407e1	5ae8393c3023169da447c2ae	13		2018-05-10T23:37:21.816Z
5af4d817267a2d11d82a97b0	2018-05-10T23:39:03.585Z	1	5ae834df567e17937cf407e1	5ae8393c3023169da447c2ae	13		2018-05-10T23:39:03.585Z
5af4d877267a2d11d82a97b7	2018-05-10T23:40:39.956Z	2	5ae834df567e17937cf407e1	5ae8393c3023169da447c2ae	13		2018-05-10T23:40:39.956Z
5af4d877267a2d11d82a97b8		0	5ae83521567e17937cf407e2	5ae8393c3023169da447c2ae	13		2018-05-10T23:40:39.957Z
5af4d888267a2d11d82a97ba	2018-05-10T23:40:56.152Z	1	5ae83521567e17937cf407e2	5ae8393c3023169da447c2ae	13		2018-05-10T23:40:56.152Z
5af4d8b9267a2d11d82a97be	2018-05-10T23:41:45.074Z	2	5ae83521567e17937cf407e2	5ae8393c3023169da447c2ae	13		2018-05-10T23:41:45.074Z
5af4d8b9267a2d11d82a97bf		0	5ae8353d567e17937cf407e3	5ae8393c3023169da447c2ae	13		2018-05-10T23:41:45.076Z
5af4d96f267a2d11d82a97cb	2018-05-10T23:44:47.135Z	1	5ae8353d567e17937cf407e3	5ae8393c3023169da447c2ae	13		2018-05-10T23:44:47.135Z
5af4da74267a2d11d82a97dc	2018-05-10T23:49:08.607Z	2	5ae8353d567e17937cf407e3	5ae8393c3023169da447c2ae	13		2018-05-10T23:49:08.607Z
5af85e0651f49b1264b3966a		0	5ae83320748fb2a67c5f6e54	5ae8393c3023169da447c2ae	4		2018-05-13T15:47:18.732Z
5af8c8317d3916102459728f	2018-05-13T23:20:17.148Z	1	5ae83320748fb2a67c5f6e54	5ae8393c3023169da447c2ae	13		2018-05-13T23:20:17.148Z
5af8c9377d391610245972a0	2018-05-13T23:24:39.192Z	2	5ae83320748fb2a67c5f6e54	5ae8393c3023169da447c2ae	13		2018-05-13T23:24:39.192Z
5af8c9377d391610245972a1		0	5ae8334c748fb2a67c5f6e55	5ae8393c3023169da447c2ae	13		2018-05-13T23:24:39.194Z
5af8c96c7d391610245972a5	2018-05-13T23:25:32.097Z	1	5ae8334c748fb2a67c5f6e55	5ae8393c3023169da447c2ae	13		2018-05-13T23:25:32.097Z
5af8c9dd7d391610245972ad	2018-05-13T23:27:25.345Z	2	5ae8334c748fb2a67c5f6e55	5ae8393c3023169da447c2ae	13		2018-05-13T23:27:25.345Z
5af8c9dd7d391610245972ae		0	5ae8336c748fb2a67c5f6e56	5ae8393c3023169da447c2ae	13		2018-05-13T23:27:25.346Z
5af8cc587d391610245972cd	2018-05-13T23:38:00.265Z	1	5ae8336c748fb2a67c5f6e56	5ae8393c3023169da447c2ae	13		2018-05-13T23:38:00.265Z
5af8ccdf7d391610245972d6	2018-05-13T23:40:15.680Z	2	5ae8336c748fb2a67c5f6e56	5ae8393c3023169da447c2ae	13		2018-05-13T23:40:15.680Z
5af8ccdf7d391610245972d7		0	5ae834df567e17937cf407e1	5ae8393c3023169da447c2ae	13		2018-05-13T23:40:15.682Z
5af8ccf17d391610245972d9	2018-05-13T23:40:33.491Z	1	5ae834df567e17937cf407e1	5ae8393c3023169da447c2ae	13		2018-05-13T23:40:33.491Z
5af8cd627d391610245972e1	2018-05-13T23:42:26.761Z	2	5ae834df567e17937cf407e1	5ae8393c3023169da447c2ae	13		2018-05-13T23:42:26.761Z
5af8cd627d391610245972e2		0	5ae83521567e17937cf407e2	5ae8393c3023169da447c2ae	13		2018-05-13T23:42:26.762Z
5af8cd727d391610245972e4	2018-05-13T23:42:42.860Z	1	5ae83521567e17937cf407e2	5ae8393c3023169da447c2ae	13		2018-05-13T23:42:42.860Z
5af8cef0f2957615f4b12a67	2018-05-13T23:49:04.908Z	2	5ae83521567e17937cf407e2	5ae8393c3023169da447c2ae	13		2018-05-13T23:49:04.908Z
5af8cef0f2957615f4b12a68		0	5ae8353d567e17937cf407e3	5ae8393c3023169da447c2ae	13		2018-05-13T23:49:04.969Z
5af8d008f2957615f4b12a7a	2018-05-13T23:53:44.540Z	1	5ae8353d567e17937cf407e3	5ae8393c3023169da447c2ae	13		2018-05-13T23:53:44.540Z
5af8d028f2957615f4b12a7d	2018-05-13T23:54:16.782Z	2	5ae8353d567e17937cf407e3	5ae8393c3023169da447c2ae	13		2018-05-13T23:54:16.782Z
5af8d028f2957615f4b12a7e		0	5ae83dd23023169da447c2b5	5ae8393c3023169da447c2ae	13		2018-05-13T23:54:16.783Z
5af9afad00fa0005b0c49b92		0	5ae83320748fb2a67c5f6e54	5ae8393c3023169da447c2ae	4		2018-05-14T15:47:57.888Z
5afa19c25e5bf5174c2d44a9	2018-05-14T23:20:34.591Z	1	5ae83320748fb2a67c5f6e54	5ae8393c3023169da447c2ae	13		2018-05-14T23:20:34.591Z
5afa1aae5e5bf5174c2d44b8	2018-05-14T23:24:30.163Z	2	5ae83320748fb2a67c5f6e54	5ae8393c3023169da447c2ae	13		2018-05-14T23:24:30.163Z
5afa1aae5e5bf5174c2d44b9		0	5ae8334c748fb2a67c5f6e55	5ae8393c3023169da447c2ae	13		2018-05-14T23:24:30.165Z
5afa1adf5e5bf5174c2d44bd	2018-05-14T23:25:19.985Z	1	5ae8334c748fb2a67c5f6e55	5ae8393c3023169da447c2ae	13		2018-05-14T23:25:19.985Z
5afa1b345e5bf5174c2d44c3	2018-05-14T23:26:44.820Z	2	5ae8334c748fb2a67c5f6e55	5ae8393c3023169da447c2ae	13		2018-05-14T23:26:44.820Z
5afa1b345e5bf5174c2d44c4		0	5ae8336c748fb2a67c5f6e56	5ae8393c3023169da447c2ae	13		2018-05-14T23:26:44.822Z
5afa1ec75e5bf5174c2d44fb	2018-05-14T23:41:59.791Z	1	5ae8336c748fb2a67c5f6e56	5ae8393c3023169da447c2ae	13		2018-05-14T23:41:59.791Z
5afa1f0a5e5bf5174c2d4500	2018-05-14T23:43:06.391Z	2	5ae8336c748fb2a67c5f6e56	5ae8393c3023169da447c2ae	13		2018-05-14T23:43:06.391Z
5afa1f0a5e5bf5174c2d4501		0	5ae834df567e17937cf407e1	5ae8393c3023169da447c2ae	13		2018-05-14T23:43:06.393Z
5afa1f945e5bf5174c2d450a	2018-05-14T23:45:24.773Z	1	5ae834df567e17937cf407e1	5ae8393c3023169da447c2ae	13		2018-05-14T23:45:24.773Z
5afa1fe85e5bf5174c2d4510	2018-05-14T23:46:48.275Z	2	5ae834df567e17937cf407e1	5ae8393c3023169da447c2ae	13		2018-05-14T23:46:48.275Z
5afa1fe85e5bf5174c2d4511		0	5ae83521567e17937cf407e2	5ae8393c3023169da447c2ae	13		2018-05-14T23:46:48.276Z
5afa1ff85e5bf5174c2d4513	2018-05-14T23:47:04.975Z	1	5ae83521567e17937cf407e2	5ae8393c3023169da447c2ae	13		2018-05-14T23:47:04.975Z
5afa202a5e5bf5174c2d4517	2018-05-14T23:47:54.969Z	2	5ae83521567e17937cf407e2	5ae8393c3023169da447c2ae	13		2018-05-14T23:47:54.969Z
5afa202a5e5bf5174c2d4518		0	5ae8353d567e17937cf407e3	5ae8393c3023169da447c2ae	13		2018-05-14T23:47:54.970Z
5afa21a15e5bf5174c2d452f	2018-05-14T23:54:09.384Z	1	5ae8353d567e17937cf407e3	5ae8393c3023169da447c2ae	13		2018-05-14T23:54:09.384Z
5afa21c65e5bf5174c2d4532	2018-05-14T23:54:46.335Z	2	5ae8353d567e17937cf407e3	5ae8393c3023169da447c2ae	13		2018-05-14T23:54:46.335Z
5afa21c65e5bf5174c2d4533		0	5ae83dd23023169da447c2b5	5ae8393c3023169da447c2ae	13		2018-05-14T23:54:46.338Z
5afaf4545e5bf5174c2d46b2		0	5ae83320748fb2a67c5f6e54	5ae8393c3023169da447c2ae	4		2018-05-15T14:53:08.680Z
5afb6bc25e5bf5174c2d46b4	2018-05-15T23:22:42.329Z	1	5ae83320748fb2a67c5f6e54	5ae8393c3023169da447c2ae	13		2018-05-15T23:22:42.329Z
5afb6c165e5bf5174c2d46ba	2018-05-15T23:24:06.132Z	2	5ae83320748fb2a67c5f6e54	5ae8393c3023169da447c2ae	13		2018-05-15T23:24:06.132Z
5afb6c165e5bf5174c2d46bb		0	5ae8334c748fb2a67c5f6e55	5ae8393c3023169da447c2ae	13		2018-05-15T23:24:06.134Z
5afb6c7d5e5bf5174c2d46c2	2018-05-15T23:25:49.462Z	1	5ae8334c748fb2a67c5f6e55	5ae8393c3023169da447c2ae	13		2018-05-15T23:25:49.462Z
5afb6cce5e5bf5174c2d46c8	2018-05-15T23:27:10.115Z	2	5ae8334c748fb2a67c5f6e55	5ae8393c3023169da447c2ae	13		2018-05-15T23:27:10.115Z
5afb6cce5e5bf5174c2d46c9		0	5ae8336c748fb2a67c5f6e56	5ae8393c3023169da447c2ae	13		2018-05-15T23:27:10.117Z
5afb6ebf5e5bf5174c2d46e8	2018-05-15T23:35:27.039Z	1	5ae8336c748fb2a67c5f6e56	5ae8393c3023169da447c2ae	13		2018-05-15T23:35:27.039Z
5afb6f245e5bf5174c2d46ef	2018-05-15T23:37:08.781Z	2	5ae8336c748fb2a67c5f6e56	5ae8393c3023169da447c2ae	13		2018-05-15T23:37:08.781Z
5afb6f245e5bf5174c2d46f0		0	5ae834df567e17937cf407e1	5ae8393c3023169da447c2ae	13		2018-05-15T23:37:08.783Z
5afb6fae5e5bf5174c2d46f9	2018-05-15T23:39:26.829Z	1	5ae834df567e17937cf407e1	5ae8393c3023169da447c2ae	13		2018-05-15T23:39:26.829Z
5afb70125e5bf5174c2d4700	2018-05-15T23:41:06.689Z	2	5ae834df567e17937cf407e1	5ae8393c3023169da447c2ae	13		2018-05-15T23:41:06.689Z
5afb70125e5bf5174c2d4701		0	5ae83521567e17937cf407e2	5ae8393c3023169da447c2ae	13		2018-05-15T23:41:06.690Z
5afb70235e5bf5174c2d4703	2018-05-15T23:41:23.957Z	1	5ae83521567e17937cf407e2	5ae8393c3023169da447c2ae	13		2018-05-15T23:41:23.957Z
5afb70555e5bf5174c2d4707	2018-05-15T23:42:13.599Z	2	5ae83521567e17937cf407e2	5ae8393c3023169da447c2ae	13		2018-05-15T23:42:13.599Z
5afb70555e5bf5174c2d4708		0	5ae8353d567e17937cf407e3	5ae8393c3023169da447c2ae	13		2018-05-15T23:42:13.600Z
5afb71d05e5bf5174c2d471f	2018-05-15T23:48:32.795Z	1	5ae8353d567e17937cf407e3	5ae8393c3023169da447c2ae	13		2018-05-15T23:48:32.795Z
5afb72275e5bf5174c2d4725	2018-05-15T23:49:59.287Z	2	5ae8353d567e17937cf407e3	5ae8393c3023169da447c2ae	13		2018-05-15T23:49:59.287Z
5afb72275e5bf5174c2d4726		0	5ae83dd23023169da447c2b5	5ae8393c3023169da447c2ae	13		2018-05-15T23:49:59.289Z
5afc47706b5ba31140836b22	2018-05-16T15:00:00.066Z	0	5ae83320748fb2a67c5f6e54	5ae8393c3023169da447c2ae	1		2018-05-16T15:00:00.066Z
5afc47706b5ba31140836b24	2018-05-16T15:00:00.081Z	0	5ae8355a567e17937cf407e4	5ae8399c3023169da447c2af	1		2018-05-16T15:00:00.081Z
5afc47706b5ba31140836b26	2018-05-16T15:00:00.158Z	0	5ae83659567e17937cf407ea	5ae839d23023169da447c2b0	1		2018-05-16T15:00:00.158Z
5afcbcfcae8c110f1836defe	2018-05-16T23:21:32.508Z	1	5ae83320748fb2a67c5f6e54	5ae8393c3023169da447c2ae	13		2018-05-16T23:21:32.508Z
5afcbd0cae8c110f1836df00	2018-05-16T23:21:48.643Z	2	5ae83320748fb2a67c5f6e54	5ae8393c3023169da447c2ae	13		2018-05-16T23:21:48.643Z
5afcbd0cae8c110f1836df01		0	5ae8334c748fb2a67c5f6e55	5ae8393c3023169da447c2ae	13		2018-05-16T23:21:48.701Z
5afcbdcfae8c110f1836df0e	2018-05-16T23:25:03.554Z	1	5ae8334c748fb2a67c5f6e55	5ae8393c3023169da447c2ae	13		2018-05-16T23:25:03.554Z
5afcbddfae8c110f1836df10	2018-05-16T23:25:19.959Z	2	5ae8334c748fb2a67c5f6e55	5ae8393c3023169da447c2ae	13		2018-05-16T23:25:19.959Z
5afcbddfae8c110f1836df11		0	5ae8336c748fb2a67c5f6e56	5ae8393c3023169da447c2ae	13		2018-05-16T23:25:19.961Z
5afcc169fd817f165cf53dc5	2018-05-16T23:40:25.966Z	1	5ae8336c748fb2a67c5f6e56	5ae8393c3023169da447c2ae	13		2018-05-16T23:40:25.966Z
5afcc1aefd817f165cf53dca	2018-05-16T23:41:34.704Z	2	5ae8336c748fb2a67c5f6e56	5ae8393c3023169da447c2ae	13		2018-05-16T23:41:34.704Z
5afcc1aefd817f165cf53dcb		0	5ae834df567e17937cf407e1	5ae8393c3023169da447c2ae	13		2018-05-16T23:41:34.705Z
5afcc203fd817f165cf53dd1	2018-05-16T23:42:59.512Z	1	5ae834df567e17937cf407e1	5ae8393c3023169da447c2ae	13		2018-05-16T23:42:59.512Z
5afcc215fd817f165cf53dd3	2018-05-16T23:43:17.673Z	2	5ae834df567e17937cf407e1	5ae8393c3023169da447c2ae	13		2018-05-16T23:43:17.673Z
5afcc215fd817f165cf53dd4		0	5ae83521567e17937cf407e2	5ae8393c3023169da447c2ae	13		2018-05-16T23:43:17.674Z
5afcc2a9fd817f165cf53dde	2018-05-16T23:45:45.348Z	1	5ae83521567e17937cf407e2	5ae8393c3023169da447c2ae	13		2018-05-16T23:45:45.348Z
5afcc2d9fd817f165cf53de2	2018-05-16T23:46:33.492Z	2	5ae83521567e17937cf407e2	5ae8393c3023169da447c2ae	13		2018-05-16T23:46:33.492Z
5afcc2d9fd817f165cf53de3		0	5ae8353d567e17937cf407e3	5ae8393c3023169da447c2ae	13		2018-05-16T23:46:33.494Z
5afd460efd817f165cf53ec5		1	5ae8353d567e17937cf407e3	5ae8393c3023169da447c2ae	20		2018-05-17T09:06:22.643Z
5afd8e2afd817f165cf53ee0	2018-05-17T14:14:02.222Z	2	5ae8353d567e17937cf407e3	5ae8393c3023169da447c2ae	13		2018-05-17T14:14:02.222Z
5afd8e2afd817f165cf53ee1		0	5ae83dd23023169da447c2b5	5ae8393c3023169da447c2ae	13		2018-05-17T14:14:02.225Z
5afd98f0fd817f165cf53ef2	2018-05-17T15:00:00.300Z	0	5ae83320748fb2a67c5f6e54	5ae8393c3023169da447c2ae	1		2018-05-17T15:00:00.300Z
5afd98f0fd817f165cf53ef4	2018-05-17T15:00:00.302Z	0	5ae8355a567e17937cf407e4	5ae8399c3023169da447c2af	1		2018-05-17T15:00:00.302Z
5afd98f0fd817f165cf53ef6	2018-05-17T15:00:00.303Z	0	5ae83659567e17937cf407ea	5ae839d23023169da447c2b0	1		2018-05-17T15:00:00.303Z
5afe0ec396bd8b1584600e8d	2018-05-17T23:22:43.501Z	1	5ae83320748fb2a67c5f6e54	5ae8393c3023169da447c2ae	13		2018-05-17T23:22:43.501Z
5afe0f4896bd8b1584600e96	2018-05-17T23:24:56.487Z	2	5ae83320748fb2a67c5f6e54	5ae8393c3023169da447c2ae	13		2018-05-17T23:24:56.487Z
5afe0f4896bd8b1584600e97		0	5ae8334c748fb2a67c5f6e55	5ae8393c3023169da447c2ae	13		2018-05-17T23:24:56.489Z
5afe0fca96bd8b1584600ea0	2018-05-17T23:27:06.632Z	1	5ae8334c748fb2a67c5f6e55	5ae8393c3023169da447c2ae	13		2018-05-17T23:27:06.632Z
5afe0ffd96bd8b1584600ea4	2018-05-17T23:27:57.410Z	2	5ae8334c748fb2a67c5f6e55	5ae8393c3023169da447c2ae	13		2018-05-17T23:27:57.410Z
5afe0ffd96bd8b1584600ea5		0	5ae8336c748fb2a67c5f6e56	5ae8393c3023169da447c2ae	13		2018-05-17T23:27:57.412Z
5afe130896bd8b1584600ed5	2018-05-17T23:40:56.216Z	1	5ae8336c748fb2a67c5f6e56	5ae8393c3023169da447c2ae	13		2018-05-17T23:40:56.216Z
5afe134b96bd8b1584600eda	2018-05-17T23:42:03.334Z	2	5ae8336c748fb2a67c5f6e56	5ae8393c3023169da447c2ae	13		2018-05-17T23:42:03.334Z
5afe134b96bd8b1584600edb		0	5ae834df567e17937cf407e1	5ae8393c3023169da447c2ae	13		2018-05-17T23:42:03.336Z
5afe13ee96bd8b1584600ee6	2018-05-17T23:44:46.416Z	1	5ae834df567e17937cf407e1	5ae8393c3023169da447c2ae	13		2018-05-17T23:44:46.416Z
5afe141e96bd8b1584600eea	2018-05-17T23:45:34.618Z	2	5ae834df567e17937cf407e1	5ae8393c3023169da447c2ae	13		2018-05-17T23:45:34.618Z
5afe141e96bd8b1584600eeb		0	5ae83521567e17937cf407e2	5ae8393c3023169da447c2ae	13		2018-05-17T23:45:34.619Z
5afe142e96bd8b1584600eed	2018-05-17T23:45:50.637Z	1	5ae83521567e17937cf407e2	5ae8393c3023169da447c2ae	13		2018-05-17T23:45:50.637Z
5afe146096bd8b1584600ef1	2018-05-17T23:46:40.658Z	2	5ae83521567e17937cf407e2	5ae8393c3023169da447c2ae	13		2018-05-17T23:46:40.658Z
5afe146096bd8b1584600ef2		0	5ae8353d567e17937cf407e3	5ae8393c3023169da447c2ae	13		2018-05-17T23:46:40.659Z
5afe162896bd8b1584600f0e	2018-05-17T23:54:16.367Z	1	5ae8353d567e17937cf407e3	5ae8393c3023169da447c2ae	13		2018-05-17T23:54:16.367Z
5afe163896bd8b1584600f10	2018-05-17T23:54:32.417Z	2	5ae8353d567e17937cf407e3	5ae8393c3023169da447c2ae	13		2018-05-17T23:54:32.417Z
5afe163896bd8b1584600f11		0	5ae83dd23023169da447c2b5	5ae8393c3023169da447c2ae	13		2018-05-17T23:54:32.418Z
5afeea7096bd8b1584601087	2018-05-18T15:00:00.248Z	0	5ae83320748fb2a67c5f6e54	5ae8393c3023169da447c2ae	1		2018-05-18T15:00:00.248Z
5afeea7096bd8b1584601089	2018-05-18T15:00:00.252Z	0	5ae8355a567e17937cf407e4	5ae8399c3023169da447c2af	1		2018-05-18T15:00:00.252Z
5afeea7096bd8b158460108b	2018-05-18T15:00:00.253Z	0	5ae83659567e17937cf407ea	5ae839d23023169da447c2b0	1		2018-05-18T15:00:00.253Z
5b003bf096bd8b158460108d	2018-05-19T15:00:00.392Z	0	5ae83320748fb2a67c5f6e54	5ae8393c3023169da447c2ae	1		2018-05-19T15:00:00.392Z
5b003bf096bd8b158460108f	2018-05-19T15:00:00.393Z	0	5ae8355a567e17937cf407e4	5ae8399c3023169da447c2af	1		2018-05-19T15:00:00.393Z
5b003bf096bd8b1584601091	2018-05-19T15:00:00.393Z	0	5ae83659567e17937cf407ea	5ae839d23023169da447c2b0	1		2018-05-19T15:00:00.393Z
5b018d707dd696081461fce7	2018-05-20T15:00:00.541Z	0	5ae83320748fb2a67c5f6e54	5ae8393c3023169da447c2ae	1		2018-05-20T15:00:00.542Z
5b018d707dd696081461fce9	2018-05-20T15:00:00.544Z	0	5ae8355a567e17937cf407e4	5ae8399c3023169da447c2af	1		2018-05-20T15:00:00.544Z
5b018d707dd696081461fceb	2018-05-20T15:00:00.545Z	0	5ae83659567e17937cf407ea	5ae839d23023169da447c2b0	1		2018-05-20T15:00:00.545Z
5b02def08559aa15ec02d986	2018-05-21T15:00:00.684Z	0	5ae83320748fb2a67c5f6e54	5ae8393c3023169da447c2ae	1	true	2018-05-21T15:00:00.685Z
5b02def08559aa15ec02d988	2018-05-21T15:00:00.691Z	0	5ae8355a567e17937cf407e4	5ae8399c3023169da447c2af	1	true	2018-05-21T15:00:00.691Z
5b02def08559aa15ec02d98a	2018-05-21T15:00:00.691Z	0	5ae83659567e17937cf407ea	5ae839d23023169da447c2b0	1	true	2018-05-21T15:00:00.691Z
5b02def08559aa15ec02d98c	2018-05-21T15:00:00.701Z	0	5af4408ec8458213c00520fc	5ae8393c3023169da447c2ae	1	false	2018-05-21T15:00:00.701Z
5b03547c8bc34111bc929528	2018-05-21T23:21:32.202Z	1	5ae83320748fb2a67c5f6e54	5ae8393c3023169da447c2ae	13		2018-05-21T23:21:32.202Z
5b03548a8bc34111bc92952a	2018-05-21T23:21:46.197Z	2	5ae83320748fb2a67c5f6e54	5ae8393c3023169da447c2ae	13		2018-05-21T23:21:46.197Z
5b0356c6543c5a0f18e2d68e		0	5ae8353d567e17937cf407e3	5ae8393c3023169da447c2ae	4		2018-05-21T23:31:18.431Z
5b035c79543c5a0f18e2d6df	2018-05-21T23:55:37.818Z	1	5ae8353d567e17937cf407e3	5ae8393c3023169da447c2ae	13	false	2018-05-21T23:55:37.818Z
5b04307053296f000f447cfa	2018-05-22T15:00:00.550Z	0	5ae83320748fb2a67c5f6e54	5ae8393c3023169da447c2ae	1	true	2018-05-22T15:00:00.550Z
5b04307053296f000f447cfc	2018-05-22T15:00:00.555Z	0	5ae8355a567e17937cf407e4	5ae8399c3023169da447c2af	1	true	2018-05-22T15:00:00.555Z
5b04307053296f000f447cfe	2018-05-22T15:00:00.737Z	0	5ae83659567e17937cf407ea	5ae839d23023169da447c2b0	1	true	2018-05-22T15:00:00.737Z
5b04307053296f000f447d00	2018-05-22T15:00:00.738Z	0	5af4408ec8458213c00520fc	5ae8393c3023169da447c2ae	1	false	2018-05-22T15:00:00.738Z
5b043070543c5a0f18e2d79b	2018-05-22T15:00:00.917Z	0	5ae83320748fb2a67c5f6e54	5ae8393c3023169da447c2ae	1	true	2018-05-22T15:00:00.917Z
5b043070543c5a0f18e2d79d	2018-05-22T15:00:00.920Z	0	5ae8355a567e17937cf407e4	5ae8399c3023169da447c2af	1	true	2018-05-22T15:00:00.921Z
5b043070543c5a0f18e2d79f	2018-05-22T15:00:00.922Z	0	5ae83659567e17937cf407ea	5ae839d23023169da447c2b0	1	true	2018-05-22T15:00:00.922Z
5b043070543c5a0f18e2d7a1	2018-05-22T15:00:00.925Z	0	5af4408ec8458213c00520fc	5ae8393c3023169da447c2ae	1	false	2018-05-22T15:00:00.925Z
5b04a603f2a3a40fb41ea157	2018-05-22T23:21:39.148Z	1	5af4408ec8458213c00520fc	5ae8393c3023169da447c2ae	13	false	2018-05-22T23:21:39.149Z
5b04a614f2a3a40fb41ea159	2018-05-22T23:21:56.006Z	2	5af4408ec8458213c00520fc	5ae8393c3023169da447c2ae	13	false	2018-05-22T23:21:56.006Z
5b04a614f2a3a40fb41ea15a		0	5af4409bc8458213c00520fd	5ae8393c3023169da447c2ae	13	false	2018-05-22T23:21:56.008Z
5b04a624f2a3a40fb41ea15c	2018-05-22T23:22:12.119Z	1	5af4409bc8458213c00520fd	5ae8393c3023169da447c2ae	13	false	2018-05-22T23:22:12.119Z
5b04a675f2a3a40fb41ea162	2018-05-22T23:23:33.897Z	2	5af4409bc8458213c00520fd	5ae8393c3023169da447c2ae	13	false	2018-05-22T23:23:33.897Z
5b04a675f2a3a40fb41ea163		0	5af440a5c8458213c00520fe	5ae8393c3023169da447c2ae	13	false	2018-05-22T23:23:33.898Z
5b04a83236dae4123c395beb		0	5ae8336c748fb2a67c5f6e56	5ae8393c3023169da447c2ae	4		2018-05-22T23:30:58.719Z
5b04a8da36dae4123c395bf6		0	5ae8336c748fb2a67c5f6e56	5ae8393c3023169da447c2ae	4	true	2018-05-22T23:33:46.491Z
5b04a9b636dae4123c395c05	2018-05-22T23:37:26.998Z	1	5ae8336c748fb2a67c5f6e56	5ae8393c3023169da447c2ae	13	true	2018-05-22T23:37:26.998Z
5b04aa0736dae4123c395c0b	2018-05-22T23:38:47.401Z	2	5ae8336c748fb2a67c5f6e56	5ae8393c3023169da447c2ae	13	true	2018-05-22T23:38:47.401Z
5b04aa0736dae4123c395c0c		0	5ae834df567e17937cf407e1	5ae8393c3023169da447c2ae	13	true	2018-05-22T23:38:47.403Z
5b04aaaa36dae4123c395c17	2018-05-22T23:41:30.173Z	1	5ae834df567e17937cf407e1	5ae8393c3023169da447c2ae	13	true	2018-05-22T23:41:30.173Z
5b04aaeb36dae4123c395c1c	2018-05-22T23:42:35.925Z	2	5ae834df567e17937cf407e1	5ae8393c3023169da447c2ae	13	true	2018-05-22T23:42:35.925Z
5b04aaeb36dae4123c395c1d		0	5ae83521567e17937cf407e2	5ae8393c3023169da447c2ae	13	true	2018-05-22T23:42:35.927Z
5b04ab0b36dae4123c395c20	2018-05-22T23:43:07.985Z	1	5ae83521567e17937cf407e2	5ae8393c3023169da447c2ae	13	true	2018-05-22T23:43:07.985Z
5b04ab4c36dae4123c395c25	2018-05-22T23:44:12.365Z	2	5ae83521567e17937cf407e2	5ae8393c3023169da447c2ae	13	true	2018-05-22T23:44:12.365Z
5b04ab4c36dae4123c395c26		0	5ae8353d567e17937cf407e3	5ae8393c3023169da447c2ae	13	true	2018-05-22T23:44:12.367Z
5b04ac8936dae4123c395c3a	2018-05-22T23:49:29.050Z	1	5ae8353d567e17937cf407e3	5ae8393c3023169da447c2ae	13	true	2018-05-22T23:49:29.050Z
5b04acdf36dae4123c395c40	2018-05-22T23:50:55.518Z	2	5ae8353d567e17937cf407e3	5ae8393c3023169da447c2ae	13	true	2018-05-22T23:50:55.518Z
5b04acdf36dae4123c395c41		0	5ae83dd23023169da447c2b5	5ae8393c3023169da447c2ae	13	true	2018-05-22T23:50:55.522Z
5b04bb760cc8a6170c42a8a4	2018-05-23T00:53:10.304Z	0	5af98baeac5680781c7bb963	5af8507aac5680781c7bb907	1	true	2018-05-23T00:53:10.304Z
5b04bb760cc8a6170c42a8aa	2018-05-23T00:53:10.309Z	0	5af99480ac5680781c7bb989	5af85145ac5680781c7bb90a	1	true	2018-05-23T00:53:10.309Z
5b04bb760cc8a6170c42a8b0	2018-05-23T00:53:10.314Z	0	5afc3d252801f3052630fe04	5ae8399c3023169da447c2af	1	false	2018-05-23T00:53:10.314Z
5b04bb760cc8a6170c42a8b6	2018-05-23T00:53:10.320Z	0	5afc3d252801f3052630fe04	5af84f25ac5680781c7bb903	1	false	2018-05-23T00:53:10.320Z
5b04bb760cc8a6170c42a8be	2018-05-23T00:53:10.342Z	0	5afc3d252801f3052630fe04	5af8507aac5680781c7bb907	1	false	2018-05-23T00:53:10.342Z
5b04bb760cc8a6170c42a8c4	2018-05-23T00:53:10.350Z	0	5afc3d252801f3052630fe04	5af85145ac5680781c7bb90a	1	false	2018-05-23T00:53:10.350Z
5b04bb760cc8a6170c42a8bc	2018-05-23T00:53:10.335Z	0	5afc3d252801f3052630fe04	5af8502dac5680781c7bb906	1	false	2018-05-23T00:53:10.335Z
5b04bb760cc8a6170c42a894	2018-05-23T00:53:10.118Z	0	5ae83320748fb2a67c5f6e54	5ae8393c3023169da447c2ae	1	true	2018-05-23T00:53:10.118Z
5b04bb760cc8a6170c42a8c2	2018-05-23T00:53:10.348Z	0	5afc3d252801f3052630fe04	5af850ddac5680781c7bb909	1	false	2018-05-23T00:53:10.348Z
5b04bb760cc8a6170c42a896	2018-05-23T00:53:10.130Z	0	5ae8355a567e17937cf407e4	5ae8399c3023169da447c2af	1	true	2018-05-23T00:53:10.130Z
5b04bb760cc8a6170c42a898	2018-05-23T00:53:10.198Z	0	5ae83659567e17937cf407ea	5ae839d23023169da447c2b0	1	true	2018-05-23T00:53:10.198Z
5b04bb760cc8a6170c42a89a	2018-05-23T00:53:10.200Z	0	5af85782ac5680781c7bb910	5af7e7f7a649e671d91ee6d4	1	true	2018-05-23T00:53:10.200Z
5b04bb760cc8a6170c42a89c	2018-05-23T00:53:10.253Z	0	5af85a75ac5680781c7bb927	5af84f25ac5680781c7bb903	1	true	2018-05-23T00:53:10.253Z
5b04bb760cc8a6170c42a89e	2018-05-23T00:53:10.255Z	0	5af984f3ac5680781c7bb938	5af84fafac5680781c7bb904	1	true	2018-05-23T00:53:10.255Z
5b04bb760cc8a6170c42a8a2	2018-05-23T00:53:10.299Z	0	5af98a2eac5680781c7bb954	5af8502dac5680781c7bb906	1	true	2018-05-23T00:53:10.299Z
5b04bb760cc8a6170c42a8a0	2018-05-23T00:53:10.297Z	0	5af98638ac5680781c7bb943	5af84fe6ac5680781c7bb905	1	true	2018-05-23T00:53:10.297Z
5b04bb760cc8a6170c42a8a8	2018-05-23T00:53:10.307Z	0	5af990a5ac5680781c7bb97d	5af850ddac5680781c7bb909	1	true	2018-05-23T00:53:10.307Z
5b04bb760cc8a6170c42a8a6	2018-05-23T00:53:10.305Z	0	5af98cddac5680781c7bb970	5af850baac5680781c7bb908	1	true	2018-05-23T00:53:10.305Z
5b04bb760cc8a6170c42a8ae	2018-05-23T00:53:10.312Z	0	5af4408ec8458213c00520fc	5ae8393c3023169da447c2ae	1	false	2018-05-23T00:53:10.312Z
5b04bb760cc8a6170c42a8ac	2018-05-23T00:53:10.311Z	0	5af995a1ac5680781c7bb993	5af8517aac5680781c7bb90b	1	true	2018-05-23T00:53:10.311Z
5b04bb760cc8a6170c42a8b4	2018-05-23T00:53:10.318Z	0	5afc3d252801f3052630fe04	5af7e7f7a649e671d91ee6d4	1	false	2018-05-23T00:53:10.318Z
5b04bb760cc8a6170c42a8b2	2018-05-23T00:53:10.316Z	0	5afc3d252801f3052630fe04	5ae839d23023169da447c2b0	1	false	2018-05-23T00:53:10.316Z
5b04bb760cc8a6170c42a8ba	2018-05-23T00:53:10.323Z	0	5afc3d252801f3052630fe04	5af84fe6ac5680781c7bb905	1	false	2018-05-23T00:53:10.323Z
5b04bb760cc8a6170c42a8b8	2018-05-23T00:53:10.322Z	0	5afc3d252801f3052630fe04	5af84fafac5680781c7bb904	1	false	2018-05-23T00:53:10.322Z
5b04bb760cc8a6170c42a8c0	2018-05-23T00:53:10.346Z	0	5afc3d252801f3052630fe04	5af850baac5680781c7bb908	1	false	2018-05-23T00:53:10.346Z
5b04bb760cc8a6170c42a8c6	2018-05-23T00:53:10.352Z	0	5afc3d252801f3052630fe04	5af8517aac5680781c7bb90b	1	false	2018-05-23T00:53:10.352Z
5b05497605e61812182b63e0	2018-05-23T10:59:02.926Z	1	5af4408ec8458213c00520fc	5ae8393c3023169da447c2ae	13	false	2018-05-23T10:59:02.926Z
5b0581f005e61812182b63f8	2018-05-23T15:00:00.118Z	0	5ae83320748fb2a67c5f6e54	5ae8393c3023169da447c2ae	1	true	2018-05-23T15:00:00.118Z
5b0581f005e61812182b63fa	2018-05-23T15:00:00.119Z	0	5ae8355a567e17937cf407e4	5ae8399c3023169da447c2af	1	true	2018-05-23T15:00:00.119Z
5b0581f005e61812182b63fc	2018-05-23T15:00:00.119Z	0	5ae83659567e17937cf407ea	5ae839d23023169da447c2b0	1	true	2018-05-23T15:00:00.119Z
5b0581f005e61812182b63fe	2018-05-23T15:00:00.123Z	0	5af85782ac5680781c7bb910	5af7e7f7a649e671d91ee6d4	1	true	2018-05-23T15:00:00.123Z
5b0581f005e61812182b6400	2018-05-23T15:00:00.125Z	0	5af85a75ac5680781c7bb927	5af84f25ac5680781c7bb903	1	true	2018-05-23T15:00:00.125Z
5b0581f005e61812182b6402	2018-05-23T15:00:00.127Z	0	5af984f3ac5680781c7bb938	5af84fafac5680781c7bb904	1	true	2018-05-23T15:00:00.127Z
5b0581f005e61812182b6404	2018-05-23T15:00:00.128Z	0	5af98638ac5680781c7bb943	5af84fe6ac5680781c7bb905	1	true	2018-05-23T15:00:00.128Z
5b0581f005e61812182b6406	2018-05-23T15:00:00.131Z	0	5af98a2eac5680781c7bb954	5af8502dac5680781c7bb906	1	true	2018-05-23T15:00:00.131Z
5b0581f005e61812182b6408	2018-05-23T15:00:00.133Z	0	5af98baeac5680781c7bb963	5af8507aac5680781c7bb907	1	true	2018-05-23T15:00:00.133Z
5b0581f005e61812182b640a	2018-05-23T15:00:00.134Z	0	5af98cddac5680781c7bb970	5af850baac5680781c7bb908	1	true	2018-05-23T15:00:00.134Z
5b0581f005e61812182b640c	2018-05-23T15:00:00.136Z	0	5af990a5ac5680781c7bb97d	5af850ddac5680781c7bb909	1	true	2018-05-23T15:00:00.136Z
5b0581f005e61812182b640e	2018-05-23T15:00:00.137Z	0	5af99480ac5680781c7bb989	5af85145ac5680781c7bb90a	1	true	2018-05-23T15:00:00.137Z
5b0581f005e61812182b6410	2018-05-23T15:00:00.139Z	0	5af995a1ac5680781c7bb993	5af8517aac5680781c7bb90b	1	true	2018-05-23T15:00:00.139Z
5b0581f005e61812182b6412	2018-05-23T15:00:00.141Z	0	5af4408ec8458213c00520fc	5ae8393c3023169da447c2ae	1	false	2018-05-23T15:00:00.141Z
5b0581f005e61812182b6414	2018-05-23T15:00:00.144Z	0	5afc3d252801f3052630fe04	5ae8399c3023169da447c2af	1	false	2018-05-23T15:00:00.144Z
5b0581f005e61812182b6416	2018-05-23T15:00:00.145Z	0	5afc3d252801f3052630fe04	5ae839d23023169da447c2b0	1	false	2018-05-23T15:00:00.145Z
5b0581f005e61812182b6418	2018-05-23T15:00:00.146Z	0	5afc3d252801f3052630fe04	5af7e7f7a649e671d91ee6d4	1	false	2018-05-23T15:00:00.146Z
5b0581f005e61812182b641a	2018-05-23T15:00:00.147Z	0	5afc3d252801f3052630fe04	5af84f25ac5680781c7bb903	1	false	2018-05-23T15:00:00.147Z
5b0581f005e61812182b641c	2018-05-23T15:00:00.149Z	0	5afc3d252801f3052630fe04	5af84fafac5680781c7bb904	1	false	2018-05-23T15:00:00.149Z
5b0581f005e61812182b641e	2018-05-23T15:00:00.150Z	0	5afc3d252801f3052630fe04	5af84fe6ac5680781c7bb905	1	false	2018-05-23T15:00:00.150Z
5b0581f005e61812182b6420	2018-05-23T15:00:00.152Z	0	5afc3d252801f3052630fe04	5af8502dac5680781c7bb906	1	false	2018-05-23T15:00:00.152Z
5b0581f005e61812182b6422	2018-05-23T15:00:00.153Z	0	5afc3d252801f3052630fe04	5af8507aac5680781c7bb907	1	false	2018-05-23T15:00:00.153Z
5b0581f005e61812182b6424	2018-05-23T15:00:00.156Z	0	5afc3d252801f3052630fe04	5af850baac5680781c7bb908	1	false	2018-05-23T15:00:00.156Z
5b0581f005e61812182b6426	2018-05-23T15:00:00.162Z	0	5afc3d252801f3052630fe04	5af850ddac5680781c7bb909	1	false	2018-05-23T15:00:00.162Z
5b0581f005e61812182b6428	2018-05-23T15:00:00.164Z	0	5afc3d252801f3052630fe04	5af85145ac5680781c7bb90a	1	false	2018-05-23T15:00:00.164Z
5b0581f005e61812182b642a	2018-05-23T15:00:00.165Z	0	5afc3d252801f3052630fe04	5af8517aac5680781c7bb90b	1	false	2018-05-23T15:00:00.165Z
5b0581f053296f000f447d04	2018-05-23T15:00:00.551Z	0	5ae83320748fb2a67c5f6e54	5ae8393c3023169da447c2ae	1	true	2018-05-23T15:00:00.551Z
5b0581f053296f000f447d06	2018-05-23T15:00:00.559Z	0	5af984f3ac5680781c7bb938	5af84fafac5680781c7bb904	1	true	2018-05-23T15:00:00.559Z
5b0581f053296f000f447d08	2018-05-23T15:00:00.559Z	0	5af990a5ac5680781c7bb97d	5af850ddac5680781c7bb909	1	true	2018-05-23T15:00:00.559Z
5b0581f053296f000f447d0a	2018-05-23T15:00:00.560Z	0	5afc3d252801f3052630fe04	5ae839d23023169da447c2b0	1	false	2018-05-23T15:00:00.560Z
5b0581f053296f000f447d0c	2018-05-23T15:00:00.560Z	0	5ae8355a567e17937cf407e4	5ae8399c3023169da447c2af	1	true	2018-05-23T15:00:00.560Z
5b0581f053296f000f447d0e	2018-05-23T15:00:00.560Z	0	5af98638ac5680781c7bb943	5af84fe6ac5680781c7bb905	1	true	2018-05-23T15:00:00.560Z
5b0581f053296f000f447d10	2018-05-23T15:00:00.561Z	0	5af99480ac5680781c7bb989	5af85145ac5680781c7bb90a	1	true	2018-05-23T15:00:00.561Z
5b0581f053296f000f447d14	2018-05-23T15:00:00.561Z	0	5afc3d252801f3052630fe04	5af8507aac5680781c7bb907	1	false	2018-05-23T15:00:00.561Z
5b0581f053296f000f447d18	2018-05-23T15:00:00.563Z	0	5af98a2eac5680781c7bb954	5af8502dac5680781c7bb906	1	true	2018-05-23T15:00:00.563Z
5b0581f053296f000f447d12	2018-05-23T15:00:00.561Z	0	5afc3d252801f3052630fe04	5af7e7f7a649e671d91ee6d4	1	false	2018-05-23T15:00:00.561Z
5b0581f053296f000f447d16	2018-05-23T15:00:00.563Z	0	5ae83659567e17937cf407ea	5ae839d23023169da447c2b0	1	true	2018-05-23T15:00:00.563Z
5b0581f053296f000f447d1a	2018-05-23T15:00:00.564Z	0	5af995a1ac5680781c7bb993	5af8517aac5680781c7bb90b	1	true	2018-05-23T15:00:00.564Z
5b0581f053296f000f447d22	2018-05-23T15:00:00.565Z	0	5af98baeac5680781c7bb963	5af8507aac5680781c7bb907	1	true	2018-05-23T15:00:00.565Z
5b0581f053296f000f447d1c	2018-05-23T15:00:00.564Z	0	5afc3d252801f3052630fe04	5af84f25ac5680781c7bb903	1	false	2018-05-23T15:00:00.564Z
5b0581f053296f000f447d1e	2018-05-23T15:00:00.564Z	0	5afc3d252801f3052630fe04	5af850baac5680781c7bb908	1	false	2018-05-23T15:00:00.564Z
5b0581f053296f000f447d20	2018-05-23T15:00:00.565Z	0	5af85782ac5680781c7bb910	5af7e7f7a649e671d91ee6d4	1	true	2018-05-23T15:00:00.565Z
5b0581f053296f000f447d24	2018-05-23T15:00:00.565Z	0	5afc341c2801f3052630fdb0	5ae8393c3023169da447c2ae	1	false	2018-05-23T15:00:00.565Z
5b0581f053296f000f447d2c	2018-05-23T15:00:00.566Z	0	5af98cddac5680781c7bb970	5af850baac5680781c7bb908	1	true	2018-05-23T15:00:00.566Z
5b0581f053296f000f447d26	2018-05-23T15:00:00.565Z	0	5afc3d252801f3052630fe04	5af84fafac5680781c7bb904	1	false	2018-05-23T15:00:00.565Z
5b0581f053296f000f447d28	2018-05-23T15:00:00.566Z	0	5afc3d252801f3052630fe04	5af850ddac5680781c7bb909	1	false	2018-05-23T15:00:00.566Z
5b0581f053296f000f447d2a	2018-05-23T15:00:00.566Z	0	5af85a75ac5680781c7bb927	5af84f25ac5680781c7bb903	1	true	2018-05-23T15:00:00.566Z
5b0581f053296f000f447d2e	2018-05-23T15:00:00.567Z	0	5afc3d252801f3052630fe04	5ae8399c3023169da447c2af	1	false	2018-05-23T15:00:00.567Z
5b0581f053296f000f447d36	2018-05-23T15:00:00.583Z	0	5afc3d252801f3052630fe04	5af8517aac5680781c7bb90b	1	false	2018-05-23T15:00:00.584Z
5b0581f053296f000f447d30	2018-05-23T15:00:00.567Z	0	5afc3d252801f3052630fe04	5af84fe6ac5680781c7bb905	1	false	2018-05-23T15:00:00.567Z
5b0581f053296f000f447d32	2018-05-23T15:00:00.568Z	0	5afc3d252801f3052630fe04	5af85145ac5680781c7bb90a	1	false	2018-05-23T15:00:00.568Z
5b0581f053296f000f447d34	2018-05-23T15:00:00.583Z	0	5afc3d252801f3052630fe04	5af8502dac5680781c7bb906	1	false	2018-05-23T15:00:00.583Z
5b05f7a73166f717305eaa31	2018-05-23T23:22:15.753Z	1	5ae83320748fb2a67c5f6e54	5ae8393c3023169da447c2ae	13	true	2018-05-23T23:22:15.753Z
5b05f7f83166f717305eaa37	2018-05-23T23:23:36.581Z	2	5ae83320748fb2a67c5f6e54	5ae8393c3023169da447c2ae	13	true	2018-05-23T23:23:36.581Z
5b05f7f83166f717305eaa38		0	5ae8334c748fb2a67c5f6e55	5ae8393c3023169da447c2ae	13	true	2018-05-23T23:23:36.582Z
5b05f8393166f717305eaa3d	2018-05-23T23:24:41.313Z	1	5ae8334c748fb2a67c5f6e55	5ae8393c3023169da447c2ae	13	true	2018-05-23T23:24:41.313Z
5b05f8493166f717305eaa3f	2018-05-23T23:24:57.548Z	2	5ae8334c748fb2a67c5f6e55	5ae8393c3023169da447c2ae	13	true	2018-05-23T23:24:57.548Z
5b05f8493166f717305eaa40		0	5ae8336c748fb2a67c5f6e56	5ae8393c3023169da447c2ae	13	true	2018-05-23T23:24:57.550Z
5b05fb4c3166f717305eaa73	2018-05-23T23:37:48.833Z	1	5ae8336c748fb2a67c5f6e56	5ae8393c3023169da447c2ae	13	true	2018-05-23T23:37:48.833Z
5b05fbd23166f717305eaa7c	2018-05-23T23:40:02.622Z	2	5ae8336c748fb2a67c5f6e56	5ae8393c3023169da447c2ae	13	true	2018-05-23T23:40:02.622Z
5b05fbd23166f717305eaa7d		0	5ae834df567e17937cf407e1	5ae8393c3023169da447c2ae	13	true	2018-05-23T23:40:02.624Z
5b05fc583166f717305eaa86	2018-05-23T23:42:16.355Z	1	5ae834df567e17937cf407e1	5ae8393c3023169da447c2ae	13	true	2018-05-23T23:42:16.355Z
5b05fc9c3166f717305eaa8b	2018-05-23T23:43:24.232Z	2	5ae834df567e17937cf407e1	5ae8393c3023169da447c2ae	13	true	2018-05-23T23:43:24.232Z
5b05fc9c3166f717305eaa8c		0	5ae83521567e17937cf407e2	5ae8393c3023169da447c2ae	13	true	2018-05-23T23:43:24.234Z
5b05fcac3166f717305eaa8e	2018-05-23T23:43:40.312Z	1	5ae83521567e17937cf407e2	5ae8393c3023169da447c2ae	13	true	2018-05-23T23:43:40.312Z
5b05fcec3166f717305eaa93	2018-05-23T23:44:44.515Z	2	5ae83521567e17937cf407e2	5ae8393c3023169da447c2ae	13	true	2018-05-23T23:44:44.515Z
5b05fcec3166f717305eaa94		0	5ae8353d567e17937cf407e3	5ae8393c3023169da447c2ae	13	true	2018-05-23T23:44:44.517Z
5b05fe233166f717305eaaa9	2018-05-23T23:49:55.617Z	1	5ae8353d567e17937cf407e3	5ae8393c3023169da447c2ae	13	true	2018-05-23T23:49:55.617Z
5b05fe313166f717305eaaab	2018-05-23T23:50:09.717Z	2	5ae8353d567e17937cf407e3	5ae8393c3023169da447c2ae	13	true	2018-05-23T23:50:09.717Z
5b05fe313166f717305eaaac		0	5af85642ac5680781c7bb90c	5ae8393c3023169da447c2ae	13	true	2018-05-23T23:50:09.719Z
5b06085c3166f717305eaacf	2018-05-24T00:33:32.663Z	1	5af85642ac5680781c7bb90c	5ae8393c3023169da447c2ae	13	true	2018-05-24T00:33:32.663Z
5b0608993166f717305eaad3	2018-05-24T00:34:33.064Z	2	5af85642ac5680781c7bb90c	5ae8393c3023169da447c2ae	13	true	2018-05-24T00:34:33.064Z
5b06ca963166f717305eabf7		1	5ae83590567e17937cf407e5	5ae8399c3023169da447c2af	4	true	2018-05-24T14:22:14.396Z
5b06cac93166f717305eabf8		0	5ae83673567e17937cf407eb	5ae839d23023169da447c2b0	4	true	2018-05-24T14:23:05.354Z
5b06d02d3166f717305eabf9		0	5ae8355a567e17937cf407e4	5ae8399c3023169da447c2af	4	true	2018-05-24T14:46:05.510Z
5b06d0703166f717305eabfa		1	5ae8355a567e17937cf407e4	5ae8399c3023169da447c2af	4	true	2018-05-24T14:47:12.539Z
5b06d0b43166f717305eabfb		1	5ae8355a567e17937cf407e4	5ae8399c3023169da447c2af	4	true	2018-05-24T14:48:20.057Z
5b06d15a3166f717305eabfc		2	5ae8355a567e17937cf407e4	5ae8399c3023169da447c2af	4	true	2018-05-24T14:51:06.235Z
5b06d1a53166f717305eabfd		0	5ae83590567e17937cf407e5	5ae8399c3023169da447c2af	4	true	2018-05-24T14:52:21.150Z
5b06d1c03166f717305eabfe		1	5ae83590567e17937cf407e5	5ae8399c3023169da447c2af	4	true	2018-05-24T14:52:48.256Z
5b06d1e93166f717305eabff		0	5ae8399c3023169da447c2af	5ae8399c3023169da447c2af	4	true	2018-05-24T14:53:29.722Z
5b06d2113166f717305eac00		0	5af85642ac5680781c7bb90c	5ae8399c3023169da447c2af	4	true	2018-05-24T14:54:09.925Z
5b06d2243166f717305eac01		1	5af85642ac5680781c7bb90c	5ae8399c3023169da447c2af	4	true	2018-05-24T14:54:28.709Z
5b06d2333166f717305eac02		2	5af85642ac5680781c7bb90c	5ae8399c3023169da447c2af	4	true	2018-05-24T14:54:43.673Z
5b06d3703166f717305eac03	2018-05-24T15:00:00.469Z	0	5ae83320748fb2a67c5f6e54	5ae8393c3023169da447c2ae	1	true	2018-05-24T15:00:00.469Z
5b06d3703166f717305eac05	2018-05-24T15:00:00.471Z	0	5ae8355a567e17937cf407e4	5ae8399c3023169da447c2af	1	true	2018-05-24T15:00:00.471Z
5b06d3703166f717305eac07	2018-05-24T15:00:00.471Z	0	5ae83659567e17937cf407ea	5ae839d23023169da447c2b0	1	true	2018-05-24T15:00:00.471Z
5b06d3703166f717305eac09	2018-05-24T15:00:00.473Z	0	5af85782ac5680781c7bb910	5af7e7f7a649e671d91ee6d4	1	true	2018-05-24T15:00:00.473Z
5b06d3703166f717305eac0b	2018-05-24T15:00:00.474Z	0	5af85a75ac5680781c7bb927	5af84f25ac5680781c7bb903	1	true	2018-05-24T15:00:00.474Z
5b06d3703166f717305eac0d	2018-05-24T15:00:00.476Z	0	5af984f3ac5680781c7bb938	5af84fafac5680781c7bb904	1	true	2018-05-24T15:00:00.476Z
5b06d3703166f717305eac0f	2018-05-24T15:00:00.479Z	0	5af98638ac5680781c7bb943	5af84fe6ac5680781c7bb905	1	true	2018-05-24T15:00:00.479Z
5b06d3703166f717305eac11	2018-05-24T15:00:00.480Z	0	5af98a2eac5680781c7bb954	5af8502dac5680781c7bb906	1	true	2018-05-24T15:00:00.480Z
5b06d3703166f717305eac13	2018-05-24T15:00:00.481Z	0	5af98baeac5680781c7bb963	5af8507aac5680781c7bb907	1	true	2018-05-24T15:00:00.481Z
5b06d3703166f717305eac15	2018-05-24T15:00:00.484Z	0	5af98cddac5680781c7bb970	5af850baac5680781c7bb908	1	true	2018-05-24T15:00:00.484Z
5b06d3703166f717305eac17	2018-05-24T15:00:00.485Z	0	5af990a5ac5680781c7bb97d	5af850ddac5680781c7bb909	1	true	2018-05-24T15:00:00.485Z
5b06d3703166f717305eac19	2018-05-24T15:00:00.486Z	0	5af99480ac5680781c7bb989	5af85145ac5680781c7bb90a	1	true	2018-05-24T15:00:00.486Z
5b06d3703166f717305eac1b	2018-05-24T15:00:00.491Z	0	5af995a1ac5680781c7bb993	5af8517aac5680781c7bb90b	1	true	2018-05-24T15:00:00.491Z
5b06d3703166f717305eac1d	2018-05-24T15:00:00.494Z	0	5afc3d252801f3052630fe04	5ae8393c3023169da447c2ae	1	false	2018-05-24T15:00:00.494Z
5b06d3703166f717305eac1f	2018-05-24T15:00:00.495Z	0	5afc3d252801f3052630fe04	5ae8399c3023169da447c2af	1	false	2018-05-24T15:00:00.495Z
5b06d3703166f717305eac21	2018-05-24T15:00:00.497Z	0	5afc3d252801f3052630fe04	5ae839d23023169da447c2b0	1	false	2018-05-24T15:00:00.497Z
5b06d3703166f717305eac23	2018-05-24T15:00:00.499Z	0	5afc3d252801f3052630fe04	5af7e7f7a649e671d91ee6d4	1	false	2018-05-24T15:00:00.499Z
5b06d3703166f717305eac25	2018-05-24T15:00:00.501Z	0	5afc3d252801f3052630fe04	5af84f25ac5680781c7bb903	1	false	2018-05-24T15:00:00.501Z
5b06d3703166f717305eac27	2018-05-24T15:00:00.502Z	0	5afc3d252801f3052630fe04	5af84fafac5680781c7bb904	1	false	2018-05-24T15:00:00.502Z
5b06d3703166f717305eac29	2018-05-24T15:00:00.504Z	0	5afc3d252801f3052630fe04	5af84fe6ac5680781c7bb905	1	false	2018-05-24T15:00:00.504Z
5b06d3703166f717305eac2b	2018-05-24T15:00:00.508Z	0	5afc3d252801f3052630fe04	5af8502dac5680781c7bb906	1	false	2018-05-24T15:00:00.508Z
5b06d3703166f717305eac2d	2018-05-24T15:00:00.511Z	0	5afc3d252801f3052630fe04	5af8507aac5680781c7bb907	1	false	2018-05-24T15:00:00.511Z
5b06d3703166f717305eac2f	2018-05-24T15:00:00.512Z	0	5afc3d252801f3052630fe04	5af850baac5680781c7bb908	1	false	2018-05-24T15:00:00.512Z
5b06d3703166f717305eac31	2018-05-24T15:00:00.512Z	0	5afc3d252801f3052630fe04	5af850ddac5680781c7bb909	1	false	2018-05-24T15:00:00.512Z
5b06d3703166f717305eac33	2018-05-24T15:00:00.514Z	0	5afc3d252801f3052630fe04	5af85145ac5680781c7bb90a	1	false	2018-05-24T15:00:00.514Z
5b06d3703166f717305eac35	2018-05-24T15:00:00.515Z	0	5afc3d252801f3052630fe04	5af8517aac5680781c7bb90b	1	false	2018-05-24T15:00:00.515Z
5b06d37053296f000f447d38	2018-05-24T15:00:00.554Z	0	5ae83320748fb2a67c5f6e54	5ae8393c3023169da447c2ae	1	true	2018-05-24T15:00:00.554Z
5b06d37053296f000f447d3a	2018-05-24T15:00:00.557Z	0	5af984f3ac5680781c7bb938	5af84fafac5680781c7bb904	1	true	2018-05-24T15:00:00.557Z
5b06d37053296f000f447d3c	2018-05-24T15:00:00.558Z	0	5af990a5ac5680781c7bb97d	5af850ddac5680781c7bb909	1	true	2018-05-24T15:00:00.558Z
5b06d37053296f000f447d3e	2018-05-24T15:00:00.558Z	0	5ae8355a567e17937cf407e4	5ae8399c3023169da447c2af	1	true	2018-05-24T15:00:00.558Z
5b06d37053296f000f447d42	2018-05-24T15:00:00.559Z	0	5af99480ac5680781c7bb989	5af85145ac5680781c7bb90a	1	true	2018-05-24T15:00:00.559Z
5b06d37053296f000f447d44	2018-05-24T15:00:00.559Z	0	5ae83659567e17937cf407ea	5ae839d23023169da447c2b0	1	true	2018-05-24T15:00:00.559Z
5b06d37053296f000f447d40	2018-05-24T15:00:00.559Z	0	5af98638ac5680781c7bb943	5af84fe6ac5680781c7bb905	1	true	2018-05-24T15:00:00.559Z
5b06d37053296f000f447d46	2018-05-24T15:00:00.559Z	0	5af98a2eac5680781c7bb954	5af8502dac5680781c7bb906	1	true	2018-05-24T15:00:00.559Z
5b06d37053296f000f447d48	2018-05-24T15:00:00.560Z	0	5af85782ac5680781c7bb910	5af7e7f7a649e671d91ee6d4	1	true	2018-05-24T15:00:00.560Z
5b06d37053296f000f447d4a	2018-05-24T15:00:00.560Z	0	5af98baeac5680781c7bb963	5af8507aac5680781c7bb907	1	true	2018-05-24T15:00:00.560Z
5b06d37053296f000f447d50	2018-05-24T15:00:00.561Z	0	5afc3d252801f3052630fe04	5ae8399c3023169da447c2af	1	false	2018-05-24T15:00:00.561Z
5b06d37053296f000f447d4c	2018-05-24T15:00:00.560Z	0	5af85a75ac5680781c7bb927	5af84f25ac5680781c7bb903	1	true	2018-05-24T15:00:00.560Z
5b06d37053296f000f447d4e	2018-05-24T15:00:00.561Z	0	5af98cddac5680781c7bb970	5af850baac5680781c7bb908	1	true	2018-05-24T15:00:00.561Z
5b06d37053296f000f447d52	2018-05-24T15:00:00.568Z	0	5afc3d252801f3052630fe04	5ae839d23023169da447c2b0	1	false	2018-05-24T15:00:00.568Z
5b06d37053296f000f447d54	2018-05-24T15:00:00.568Z	0	5afc3d252801f3052630fe04	5af8502dac5680781c7bb906	1	false	2018-05-24T15:00:00.568Z
5b06d37053296f000f447d56	2018-05-24T15:00:00.568Z	0	5afc3d252801f3052630fe04	5af8517aac5680781c7bb90b	1	false	2018-05-24T15:00:00.568Z
5b06d37053296f000f447d58	2018-05-24T15:00:00.569Z	0	5afc3d252801f3052630fe04	5af7e7f7a649e671d91ee6d4	1	false	2018-05-24T15:00:00.569Z
5b06d37053296f000f447d5a	2018-05-24T15:00:00.569Z	0	5afc3d252801f3052630fe04	5af8507aac5680781c7bb907	1	false	2018-05-24T15:00:00.569Z
5b06d37053296f000f447d5c	2018-05-24T15:00:00.570Z	0	5af995a1ac5680781c7bb993	5af8517aac5680781c7bb90b	1	true	2018-05-24T15:00:00.570Z
5b06d37053296f000f447d60	2018-05-24T15:00:00.570Z	0	5afc3d252801f3052630fe04	5af850baac5680781c7bb908	1	false	2018-05-24T15:00:00.570Z
5b06d37053296f000f447d64	2018-05-24T15:00:00.571Z	0	5afc3d252801f3052630fe04	5af84fafac5680781c7bb904	1	false	2018-05-24T15:00:00.571Z
5b06d37053296f000f447d5e	2018-05-24T15:00:00.570Z	0	5afc3d252801f3052630fe04	5af84f25ac5680781c7bb903	1	false	2018-05-24T15:00:00.570Z
5b06d37053296f000f447d62	2018-05-24T15:00:00.571Z	0	5afc3d252801f3052630fe04	5ae8393c3023169da447c2ae	1	false	2018-05-24T15:00:00.571Z
5b06d37053296f000f447d66	2018-05-24T15:00:00.571Z	0	5afc3d252801f3052630fe04	5af850ddac5680781c7bb909	1	false	2018-05-24T15:00:00.571Z
5b06d37053296f000f447d6a	2018-05-24T15:00:00.572Z	0	5afc3d252801f3052630fe04	5af85145ac5680781c7bb90a	1	false	2018-05-24T15:00:00.572Z
5b06d37053296f000f447d68	2018-05-24T15:00:00.572Z	0	5afc3d252801f3052630fe04	5af84fe6ac5680781c7bb905	1	false	2018-05-24T15:00:00.572Z
5b0749533166f717305eac38	2018-05-24T23:22:59.294Z	1	5ae83320748fb2a67c5f6e54	5ae8393c3023169da447c2ae	13	true	2018-05-24T23:22:59.294Z
5b0749963166f717305eac3d	2018-05-24T23:24:06.753Z	2	5ae83320748fb2a67c5f6e54	5ae8393c3023169da447c2ae	13	true	2018-05-24T23:24:06.753Z
5b0749963166f717305eac3e		0	5ae8334c748fb2a67c5f6e55	5ae8393c3023169da447c2ae	13	true	2018-05-24T23:24:06.755Z
5b074a2b3166f717305eac48	2018-05-24T23:26:35.905Z	1	5ae8334c748fb2a67c5f6e55	5ae8393c3023169da447c2ae	13	true	2018-05-24T23:26:35.905Z
5b074a5c3166f717305eac4c	2018-05-24T23:27:24.102Z	2	5ae8334c748fb2a67c5f6e55	5ae8393c3023169da447c2ae	13	true	2018-05-24T23:27:24.102Z
5b074a5c3166f717305eac4d		0	5ae8336c748fb2a67c5f6e56	5ae8393c3023169da447c2ae	13	true	2018-05-24T23:27:24.103Z
5b074d4a3166f717305eac7e	2018-05-24T23:39:54.112Z	1	5ae8336c748fb2a67c5f6e56	5ae8393c3023169da447c2ae	13	true	2018-05-24T23:39:54.113Z
5b074d5a3166f717305eac80	2018-05-24T23:40:10.174Z	2	5ae8336c748fb2a67c5f6e56	5ae8393c3023169da447c2ae	13	true	2018-05-24T23:40:10.174Z
5b074d5a3166f717305eac81		0	5ae834df567e17937cf407e1	5ae8393c3023169da447c2ae	13	true	2018-05-24T23:40:10.177Z
5b074e423166f717305eac90	2018-05-24T23:44:02.946Z	1	5ae834df567e17937cf407e1	5ae8393c3023169da447c2ae	13	true	2018-05-24T23:44:02.946Z
5b074e833166f717305eac95	2018-05-24T23:45:07.212Z	2	5ae834df567e17937cf407e1	5ae8393c3023169da447c2ae	13	true	2018-05-24T23:45:07.212Z
5b074e833166f717305eac96		0	5ae83521567e17937cf407e2	5ae8393c3023169da447c2ae	13	true	2018-05-24T23:45:07.215Z
5b074e933166f717305eac98	2018-05-24T23:45:23.285Z	1	5ae83521567e17937cf407e2	5ae8393c3023169da447c2ae	13	true	2018-05-24T23:45:23.285Z
5b074ec33166f717305eac9c	2018-05-24T23:46:11.425Z	2	5ae83521567e17937cf407e2	5ae8393c3023169da447c2ae	13	true	2018-05-24T23:46:11.425Z
5b074ec33166f717305eac9d		0	5ae8353d567e17937cf407e3	5ae8393c3023169da447c2ae	13	true	2018-05-24T23:46:11.426Z
5b07503f3166f717305eacb7	2018-05-24T23:52:31.213Z	1	5ae8353d567e17937cf407e3	5ae8393c3023169da447c2ae	13	true	2018-05-24T23:52:31.213Z
5b07504e3166f717305eacb9	2018-05-24T23:52:46.333Z	2	5ae8353d567e17937cf407e3	5ae8393c3023169da447c2ae	13	true	2018-05-24T23:52:46.333Z
5b07504e3166f717305eacba		0	5af85642ac5680781c7bb90c	5ae8393c3023169da447c2ae	13	true	2018-05-24T23:52:46.334Z
5b0759d83166f717305ead63	2018-05-25T00:33:28.081Z	1	5af85642ac5680781c7bb90c	5ae8393c3023169da447c2ae	13	true	2018-05-25T00:33:28.081Z
5b075a103166f717305ead68	2018-05-25T00:34:24.518Z	2	5af85642ac5680781c7bb90c	5ae8393c3023169da447c2ae	13	true	2018-05-25T00:34:24.518Z
5b07de133166f717305ead6a	2018-05-25T09:57:39.636Z	1	5afc3d252801f3052630fe04	5ae8393c3023169da447c2ae	13	false	2018-05-25T09:57:39.636Z
5b07de213166f717305ead6c	2018-05-25T09:57:53.540Z	2	5afc3d252801f3052630fe04	5ae8393c3023169da447c2ae	13	false	2018-05-25T09:57:53.540Z
5b07de213166f717305ead6d		0	5afc341c2801f3052630fdb0	5ae8393c3023169da447c2ae	13	false	2018-05-25T09:57:53.542Z
5b07eae83166f717305eae44	2018-05-25T10:52:24.494Z	1	5afc341c2801f3052630fdb0	5ae8393c3023169da447c2ae	13	false	2018-05-25T10:52:24.494Z
5b07eaf83166f717305eae46	2018-05-25T10:52:40.790Z	2	5afc341c2801f3052630fdb0	5ae8393c3023169da447c2ae	13	false	2018-05-25T10:52:40.790Z
5b07eaf83166f717305eae47		0	5afc341c2801f3052630fdb1	5ae8393c3023169da447c2ae	13	false	2018-05-25T10:52:40.791Z
5b07ec183166f717305eae5a	2018-05-25T10:57:28.361Z	1	5afc341c2801f3052630fdb1	5ae8393c3023169da447c2ae	13	false	2018-05-25T10:57:28.361Z
5b07ec4a3166f717305eae5e	2018-05-25T10:58:18.008Z	2	5afc341c2801f3052630fdb1	5ae8393c3023169da447c2ae	13	false	2018-05-25T10:58:18.008Z
5b07ec4a3166f717305eae5f		0	5afc341c2801f3052630fdb2	5ae8393c3023169da447c2ae	13	false	2018-05-25T10:58:18.009Z
5b07ec6a3166f717305eae62	2018-05-25T10:58:50.069Z	1	5afc341c2801f3052630fdb2	5ae8393c3023169da447c2ae	13	false	2018-05-25T10:58:50.069Z
5b07ec783166f717305eae64	2018-05-25T10:59:04.826Z	2	5afc341c2801f3052630fdb2	5ae8393c3023169da447c2ae	13	false	2018-05-25T10:59:04.826Z
5b07ec783166f717305eae65		0	5afc341c2801f3052630fdb3	5ae8393c3023169da447c2ae	13	false	2018-05-25T10:59:04.827Z
5b07ecda3166f717305eae6c	2018-05-25T11:00:42.568Z	1	5afc341c2801f3052630fdb3	5ae8393c3023169da447c2ae	13	false	2018-05-25T11:00:42.568Z
5b07ed123166f717305eae70	2018-05-25T11:01:38.517Z	2	5afc341c2801f3052630fdb3	5ae8393c3023169da447c2ae	13	false	2018-05-25T11:01:38.517Z
5b07ed123166f717305eae71		0	5afc341c2801f3052630fdb4	5ae8393c3023169da447c2ae	13	false	2018-05-25T11:01:38.518Z
5b07ee353166f717305eae83	2018-05-25T11:06:29.412Z	1	5afc341c2801f3052630fdb4	5ae8393c3023169da447c2ae	13	false	2018-05-25T11:06:29.412Z
5b07ee873166f717305eae89	2018-05-25T11:07:51.214Z	2	5afc341c2801f3052630fdb4	5ae8393c3023169da447c2ae	13	false	2018-05-25T11:07:51.214Z
5b07ee873166f717305eae8a		0	5afc341c2801f3052630fdb5	5ae8393c3023169da447c2ae	13	false	2018-05-25T11:07:51.215Z
5b07eecd3166f717305eae8f	2018-05-25T11:09:01.961Z	1	5afc341c2801f3052630fdb5	5ae8393c3023169da447c2ae	13	false	2018-05-25T11:09:01.961Z
5b07ef2e3166f717305eae96	2018-05-25T11:10:38.398Z	2	5afc341c2801f3052630fdb5	5ae8393c3023169da447c2ae	13	false	2018-05-25T11:10:38.398Z
5b0824f03166f717305eaeb3	2018-05-25T15:00:00.473Z	0	5ae83320748fb2a67c5f6e54	5ae8393c3023169da447c2ae	1	true	2018-05-25T15:00:00.473Z
5b0824f03166f717305eaeb5	2018-05-25T15:00:00.474Z	0	5ae8355a567e17937cf407e4	5ae8399c3023169da447c2af	1	true	2018-05-25T15:00:00.474Z
5b0824f03166f717305eaeb7	2018-05-25T15:00:00.476Z	0	5ae83659567e17937cf407ea	5ae839d23023169da447c2b0	1	true	2018-05-25T15:00:00.476Z
5b0824f03166f717305eaeb9	2018-05-25T15:00:00.477Z	0	5af85782ac5680781c7bb910	5af7e7f7a649e671d91ee6d4	1	true	2018-05-25T15:00:00.477Z
5b0824f03166f717305eaebb	2018-05-25T15:00:00.479Z	0	5af85a75ac5680781c7bb927	5af84f25ac5680781c7bb903	1	true	2018-05-25T15:00:00.479Z
5b0824f03166f717305eaebd	2018-05-25T15:00:00.481Z	0	5af984f3ac5680781c7bb938	5af84fafac5680781c7bb904	1	true	2018-05-25T15:00:00.481Z
5b0824f03166f717305eaebf	2018-05-25T15:00:00.483Z	0	5af98638ac5680781c7bb943	5af84fe6ac5680781c7bb905	1	true	2018-05-25T15:00:00.483Z
5b0824f03166f717305eaec1	2018-05-25T15:00:00.487Z	0	5af98a2eac5680781c7bb954	5af8502dac5680781c7bb906	1	true	2018-05-25T15:00:00.487Z
5b0824f03166f717305eaec3	2018-05-25T15:00:00.488Z	0	5af98baeac5680781c7bb963	5af8507aac5680781c7bb907	1	true	2018-05-25T15:00:00.488Z
5b0824f03166f717305eaec5	2018-05-25T15:00:00.490Z	0	5af98cddac5680781c7bb970	5af850baac5680781c7bb908	1	true	2018-05-25T15:00:00.490Z
5b0824f03166f717305eaec7	2018-05-25T15:00:00.491Z	0	5af990a5ac5680781c7bb97d	5af850ddac5680781c7bb909	1	true	2018-05-25T15:00:00.491Z
5b0824f03166f717305eaec9	2018-05-25T15:00:00.494Z	0	5af99480ac5680781c7bb989	5af85145ac5680781c7bb90a	1	true	2018-05-25T15:00:00.494Z
5b0824f03166f717305eaecb	2018-05-25T15:00:00.495Z	0	5af995a1ac5680781c7bb993	5af8517aac5680781c7bb90b	1	true	2018-05-25T15:00:00.495Z
5b0824f03166f717305eaecd	2018-05-25T15:00:00.495Z	0	5afc3d252801f3052630fe04	5ae8393c3023169da447c2ae	1	false	2018-05-25T15:00:00.495Z
5b0824f03166f717305eaecf	2018-05-25T15:00:00.497Z	0	5afc3d252801f3052630fe04	5ae8399c3023169da447c2af	1	false	2018-05-25T15:00:00.497Z
5b0824f03166f717305eaed1	2018-05-25T15:00:00.498Z	0	5afc3d252801f3052630fe04	5ae839d23023169da447c2b0	1	false	2018-05-25T15:00:00.498Z
5b0824f03166f717305eaed3	2018-05-25T15:00:00.499Z	0	5afc3d252801f3052630fe04	5af7e7f7a649e671d91ee6d4	1	false	2018-05-25T15:00:00.499Z
5b0824f03166f717305eaed5	2018-05-25T15:00:00.500Z	0	5afc3d252801f3052630fe04	5af84f25ac5680781c7bb903	1	false	2018-05-25T15:00:00.500Z
5b0824f03166f717305eaed7	2018-05-25T15:00:00.502Z	0	5afc3d252801f3052630fe04	5af84fafac5680781c7bb904	1	false	2018-05-25T15:00:00.502Z
5b0824f03166f717305eaed9	2018-05-25T15:00:00.504Z	0	5afc3d252801f3052630fe04	5af84fe6ac5680781c7bb905	1	false	2018-05-25T15:00:00.504Z
5b0824f03166f717305eaedb	2018-05-25T15:00:00.506Z	0	5afc3d252801f3052630fe04	5af8502dac5680781c7bb906	1	false	2018-05-25T15:00:00.506Z
5b0824f03166f717305eaedd	2018-05-25T15:00:00.507Z	0	5afc3d252801f3052630fe04	5af8507aac5680781c7bb907	1	false	2018-05-25T15:00:00.507Z
5b0824f03166f717305eaedf	2018-05-25T15:00:00.508Z	0	5afc3d252801f3052630fe04	5af850baac5680781c7bb908	1	false	2018-05-25T15:00:00.508Z
5b0824f03166f717305eaee1	2018-05-25T15:00:00.509Z	0	5afc3d252801f3052630fe04	5af850ddac5680781c7bb909	1	false	2018-05-25T15:00:00.509Z
5b0824f03166f717305eaee3	2018-05-25T15:00:00.511Z	0	5afc3d252801f3052630fe04	5af85145ac5680781c7bb90a	1	false	2018-05-25T15:00:00.511Z
5b0824f03166f717305eaee5	2018-05-25T15:00:00.514Z	0	5afc3d252801f3052630fe04	5af8517aac5680781c7bb90b	1	false	2018-05-25T15:00:00.514Z
5b0824f053296f000f447d6c	2018-05-25T15:00:00.726Z	0	5ae83320748fb2a67c5f6e54	5ae8393c3023169da447c2ae	1	true	2018-05-25T15:00:00.726Z
5b0824f053296f000f447d6e	2018-05-25T15:00:00.735Z	0	5af984f3ac5680781c7bb938	5af84fafac5680781c7bb904	1	true	2018-05-25T15:00:00.735Z
5b0824f053296f000f447d70	2018-05-25T15:00:00.735Z	0	5af990a5ac5680781c7bb97d	5af850ddac5680781c7bb909	1	true	2018-05-25T15:00:00.735Z
5b0824f053296f000f447d72	2018-05-25T15:00:00.736Z	0	5afc3d252801f3052630fe04	5ae839d23023169da447c2b0	1	false	2018-05-25T15:00:00.736Z
5b0824f053296f000f447d74	2018-05-25T15:00:00.736Z	0	5afc3d252801f3052630fe04	5af8502dac5680781c7bb906	1	false	2018-05-25T15:00:00.736Z
5b0824f053296f000f447d76	2018-05-25T15:00:00.736Z	0	5ae8355a567e17937cf407e4	5ae8399c3023169da447c2af	1	true	2018-05-25T15:00:00.736Z
5b0824f053296f000f447d78	2018-05-25T15:00:00.737Z	0	5af98638ac5680781c7bb943	5af84fe6ac5680781c7bb905	1	true	2018-05-25T15:00:00.737Z
5b0824f053296f000f447d7a	2018-05-25T15:00:00.737Z	0	5af99480ac5680781c7bb989	5af85145ac5680781c7bb90a	1	true	2018-05-25T15:00:00.737Z
5b0824f053296f000f447d7c	2018-05-25T15:00:00.737Z	0	5afc3d252801f3052630fe04	5af7e7f7a649e671d91ee6d4	1	false	2018-05-25T15:00:00.737Z
5b0824f053296f000f447d7e	2018-05-25T15:00:00.737Z	0	5afc3d252801f3052630fe04	5af8507aac5680781c7bb907	1	false	2018-05-25T15:00:00.737Z
5b0824f053296f000f447d80	2018-05-25T15:00:00.738Z	0	5af85782ac5680781c7bb910	5af7e7f7a649e671d91ee6d4	1	true	2018-05-25T15:00:00.738Z
5b0824f053296f000f447d82	2018-05-25T15:00:00.738Z	0	5af98baeac5680781c7bb963	5af8507aac5680781c7bb907	1	true	2018-05-25T15:00:00.738Z
5b0824f053296f000f447d84	2018-05-25T15:00:00.738Z	0	5afc3d252801f3052630fe04	5ae8393c3023169da447c2ae	1	false	2018-05-25T15:00:00.738Z
5b0824f053296f000f447d86	2018-05-25T15:00:00.738Z	0	5afc3d252801f3052630fe04	5af84fafac5680781c7bb904	1	false	2018-05-25T15:00:00.738Z
5b0824f053296f000f447d88	2018-05-25T15:00:00.739Z	0	5afc3d252801f3052630fe04	5af850ddac5680781c7bb909	1	false	2018-05-25T15:00:00.739Z
5b0824f053296f000f447d8a	2018-05-25T15:00:00.739Z	0	5ae83659567e17937cf407ea	5ae839d23023169da447c2b0	1	true	2018-05-25T15:00:00.739Z
5b0824f053296f000f447d8c	2018-05-25T15:00:00.739Z	0	5af98a2eac5680781c7bb954	5af8502dac5680781c7bb906	1	true	2018-05-25T15:00:00.739Z
5b0824f053296f000f447d8e	2018-05-25T15:00:00.740Z	0	5af995a1ac5680781c7bb993	5af8517aac5680781c7bb90b	1	true	2018-05-25T15:00:00.740Z
5b0824f053296f000f447d90	2018-05-25T15:00:00.740Z	0	5afc3d252801f3052630fe04	5af84f25ac5680781c7bb903	1	false	2018-05-25T15:00:00.740Z
5b0824f053296f000f447d92	2018-05-25T15:00:00.740Z	0	5afc3d252801f3052630fe04	5af850baac5680781c7bb908	1	false	2018-05-25T15:00:00.740Z
5b0824f053296f000f447d94	2018-05-25T15:00:00.740Z	0	5af85a75ac5680781c7bb927	5af84f25ac5680781c7bb903	1	true	2018-05-25T15:00:00.740Z
5b0824f053296f000f447d96	2018-05-25T15:00:00.741Z	0	5af98cddac5680781c7bb970	5af850baac5680781c7bb908	1	true	2018-05-25T15:00:00.741Z
5b0824f053296f000f447d98	2018-05-25T15:00:00.741Z	0	5afc3d252801f3052630fe04	5ae8399c3023169da447c2af	1	false	2018-05-25T15:00:00.741Z
5b0824f053296f000f447d9a	2018-05-25T15:00:00.741Z	0	5afc3d252801f3052630fe04	5af84fe6ac5680781c7bb905	1	false	2018-05-25T15:00:00.741Z
5b0824f053296f000f447d9c	2018-05-25T15:00:00.741Z	0	5afc3d252801f3052630fe04	5af85145ac5680781c7bb90a	1	false	2018-05-25T15:00:00.741Z
5b0824f053296f000f447d9e	2018-05-25T15:00:00.844Z	0	5afc3d252801f3052630fe04	5af8517aac5680781c7bb90b	1	false	2018-05-25T15:00:00.844Z
5b0976703166f717305eaee7	2018-05-26T15:00:00.615Z	0	5ae83320748fb2a67c5f6e54	5ae8393c3023169da447c2ae	1	true	2018-05-26T15:00:00.615Z
5b0976703166f717305eaee9	2018-05-26T15:00:00.616Z	0	5ae8355a567e17937cf407e4	5ae8399c3023169da447c2af	1	true	2018-05-26T15:00:00.616Z
5b0976703166f717305eaeeb	2018-05-26T15:00:00.616Z	0	5ae83659567e17937cf407ea	5ae839d23023169da447c2b0	1	true	2018-05-26T15:00:00.616Z
5b0976703166f717305eaeed	2018-05-26T15:00:00.618Z	0	5af85782ac5680781c7bb910	5af7e7f7a649e671d91ee6d4	1	true	2018-05-26T15:00:00.618Z
5b0976703166f717305eaeef	2018-05-26T15:00:00.620Z	0	5af85a75ac5680781c7bb927	5af84f25ac5680781c7bb903	1	true	2018-05-26T15:00:00.620Z
5b0976703166f717305eaef1	2018-05-26T15:00:00.622Z	0	5af984f3ac5680781c7bb938	5af84fafac5680781c7bb904	1	true	2018-05-26T15:00:00.622Z
5b0976703166f717305eaef3	2018-05-26T15:00:00.623Z	0	5af98638ac5680781c7bb943	5af84fe6ac5680781c7bb905	1	true	2018-05-26T15:00:00.623Z
5b0976703166f717305eaef5	2018-05-26T15:00:00.625Z	0	5af98a2eac5680781c7bb954	5af8502dac5680781c7bb906	1	true	2018-05-26T15:00:00.625Z
5b0976703166f717305eaef7	2018-05-26T15:00:00.629Z	0	5af98baeac5680781c7bb963	5af8507aac5680781c7bb907	1	true	2018-05-26T15:00:00.629Z
5b0976703166f717305eaef9	2018-05-26T15:00:00.630Z	0	5af98cddac5680781c7bb970	5af850baac5680781c7bb908	1	true	2018-05-26T15:00:00.630Z
5b0976703166f717305eaefb	2018-05-26T15:00:00.632Z	0	5af990a5ac5680781c7bb97d	5af850ddac5680781c7bb909	1	true	2018-05-26T15:00:00.632Z
5b0976703166f717305eaefd	2018-05-26T15:00:00.635Z	0	5af99480ac5680781c7bb989	5af85145ac5680781c7bb90a	1	true	2018-05-26T15:00:00.635Z
5b0976703166f717305eaeff	2018-05-26T15:00:00.643Z	0	5af995a1ac5680781c7bb993	5af8517aac5680781c7bb90b	1	true	2018-05-26T15:00:00.643Z
5b0976703166f717305eaf01	2018-05-26T15:00:00.645Z	0	5afc3d252801f3052630fe04	5ae8393c3023169da447c2ae	1	false	2018-05-26T15:00:00.645Z
5b0976703166f717305eaf03	2018-05-26T15:00:00.648Z	0	5afc3d252801f3052630fe04	5ae8399c3023169da447c2af	1	false	2018-05-26T15:00:00.648Z
5b0976703166f717305eaf05	2018-05-26T15:00:00.649Z	0	5afc3d252801f3052630fe04	5ae839d23023169da447c2b0	1	false	2018-05-26T15:00:00.649Z
5b0976703166f717305eaf07	2018-05-26T15:00:00.651Z	0	5afc3d252801f3052630fe04	5af7e7f7a649e671d91ee6d4	1	false	2018-05-26T15:00:00.651Z
5b0976703166f717305eaf09	2018-05-26T15:00:00.652Z	0	5afc3d252801f3052630fe04	5af84f25ac5680781c7bb903	1	false	2018-05-26T15:00:00.652Z
5b0976703166f717305eaf0b	2018-05-26T15:00:00.653Z	0	5afc3d252801f3052630fe04	5af84fafac5680781c7bb904	1	false	2018-05-26T15:00:00.653Z
5b0976703166f717305eaf0d	2018-05-26T15:00:00.654Z	0	5afc3d252801f3052630fe04	5af84fe6ac5680781c7bb905	1	false	2018-05-26T15:00:00.654Z
5b0976703166f717305eaf0f	2018-05-26T15:00:00.656Z	0	5afc3d252801f3052630fe04	5af8502dac5680781c7bb906	1	false	2018-05-26T15:00:00.656Z
5b0976703166f717305eaf11	2018-05-26T15:00:00.657Z	0	5afc3d252801f3052630fe04	5af8507aac5680781c7bb907	1	false	2018-05-26T15:00:00.657Z
5b0976703166f717305eaf13	2018-05-26T15:00:00.659Z	0	5afc3d252801f3052630fe04	5af850baac5680781c7bb908	1	false	2018-05-26T15:00:00.659Z
5b0976703166f717305eaf15	2018-05-26T15:00:00.661Z	0	5afc3d252801f3052630fe04	5af850ddac5680781c7bb909	1	false	2018-05-26T15:00:00.661Z
5b0976703166f717305eaf17	2018-05-26T15:00:00.662Z	0	5afc3d252801f3052630fe04	5af85145ac5680781c7bb90a	1	false	2018-05-26T15:00:00.662Z
5b0976703166f717305eaf19	2018-05-26T15:00:00.663Z	0	5afc3d252801f3052630fe04	5af8517aac5680781c7bb90b	1	false	2018-05-26T15:00:00.663Z
5b09767053296f000f447da0	2018-05-26T15:00:00.729Z	0	5ae83320748fb2a67c5f6e54	5ae8393c3023169da447c2ae	1	true	2018-05-26T15:00:00.729Z
5b09767053296f000f447da2	2018-05-26T15:00:00.732Z	0	5af984f3ac5680781c7bb938	5af84fafac5680781c7bb904	1	true	2018-05-26T15:00:00.732Z
5b09767053296f000f447da4	2018-05-26T15:00:00.733Z	0	5ae8355a567e17937cf407e4	5ae8399c3023169da447c2af	1	true	2018-05-26T15:00:00.733Z
5b09767053296f000f447da6	2018-05-26T15:00:00.733Z	0	5ae83659567e17937cf407ea	5ae839d23023169da447c2b0	1	true	2018-05-26T15:00:00.733Z
5b09767053296f000f447da8	2018-05-26T15:00:00.733Z	0	5af85782ac5680781c7bb910	5af7e7f7a649e671d91ee6d4	1	true	2018-05-26T15:00:00.733Z
5b09767053296f000f447daa	2018-05-26T15:00:00.734Z	0	5af85a75ac5680781c7bb927	5af84f25ac5680781c7bb903	1	true	2018-05-26T15:00:00.734Z
5b09767053296f000f447dac	2018-05-26T15:00:00.743Z	0	5af990a5ac5680781c7bb97d	5af850ddac5680781c7bb909	1	true	2018-05-26T15:00:00.743Z
5b09767053296f000f447dae	2018-05-26T15:00:00.743Z	0	5afc3d252801f3052630fe04	5ae839d23023169da447c2b0	1	false	2018-05-26T15:00:00.743Z
5b09767053296f000f447db0	2018-05-26T15:00:00.743Z	0	5afc3d252801f3052630fe04	5af8502dac5680781c7bb906	1	false	2018-05-26T15:00:00.743Z
5b09767053296f000f447db2	2018-05-26T15:00:00.744Z	0	5afc3d252801f3052630fe04	5af8517aac5680781c7bb90b	1	false	2018-05-26T15:00:00.744Z
5b09767053296f000f447db4	2018-05-26T15:00:00.744Z	0	5af98638ac5680781c7bb943	5af84fe6ac5680781c7bb905	1	true	2018-05-26T15:00:00.744Z
5b09767053296f000f447db6	2018-05-26T15:00:00.744Z	0	5af99480ac5680781c7bb989	5af85145ac5680781c7bb90a	1	true	2018-05-26T15:00:00.744Z
5b09767053296f000f447db8	2018-05-26T15:00:00.745Z	0	5afc3d252801f3052630fe04	5af7e7f7a649e671d91ee6d4	1	false	2018-05-26T15:00:00.745Z
5b09767053296f000f447dba	2018-05-26T15:00:00.750Z	0	5afc3d252801f3052630fe04	5af8507aac5680781c7bb907	1	false	2018-05-26T15:00:00.750Z
5b09767053296f000f447dbc	2018-05-26T15:00:00.750Z	0	5af98a2eac5680781c7bb954	5af8502dac5680781c7bb906	1	true	2018-05-26T15:00:00.750Z
5b09767053296f000f447dbe	2018-05-26T15:00:00.751Z	0	5af995a1ac5680781c7bb993	5af8517aac5680781c7bb90b	1	true	2018-05-26T15:00:00.751Z
5b09767053296f000f447dc0	2018-05-26T15:00:00.751Z	0	5afc3d252801f3052630fe04	5af84f25ac5680781c7bb903	1	false	2018-05-26T15:00:00.751Z
5b09767053296f000f447dc2	2018-05-26T15:00:00.751Z	0	5afc3d252801f3052630fe04	5af850baac5680781c7bb908	1	false	2018-05-26T15:00:00.751Z
5b09767053296f000f447dc4	2018-05-26T15:00:00.752Z	0	5af98baeac5680781c7bb963	5af8507aac5680781c7bb907	1	true	2018-05-26T15:00:00.752Z
5b09767053296f000f447dc6	2018-05-26T15:00:00.752Z	0	5afc3d252801f3052630fe04	5ae8393c3023169da447c2ae	1	false	2018-05-26T15:00:00.752Z
5b09767053296f000f447dc8	2018-05-26T15:00:00.752Z	0	5afc3d252801f3052630fe04	5af84fafac5680781c7bb904	1	false	2018-05-26T15:00:00.752Z
5b09767053296f000f447dca	2018-05-26T15:00:00.753Z	0	5afc3d252801f3052630fe04	5af850ddac5680781c7bb909	1	false	2018-05-26T15:00:00.753Z
5b09767053296f000f447dcc	2018-05-26T15:00:00.753Z	0	5af98cddac5680781c7bb970	5af850baac5680781c7bb908	1	true	2018-05-26T15:00:00.753Z
5b09767053296f000f447dce	2018-05-26T15:00:00.753Z	0	5afc3d252801f3052630fe04	5ae8399c3023169da447c2af	1	false	2018-05-26T15:00:00.753Z
5b09767053296f000f447dd0	2018-05-26T15:00:00.753Z	0	5afc3d252801f3052630fe04	5af84fe6ac5680781c7bb905	1	false	2018-05-26T15:00:00.753Z
5b09767053296f000f447dd2	2018-05-26T15:00:00.754Z	0	5afc3d252801f3052630fe04	5af85145ac5680781c7bb90a	1	false	2018-05-26T15:00:00.754Z
5b0ac7f03166f717305eaf1b	2018-05-27T15:00:00.619Z	0	5ae83320748fb2a67c5f6e54	5ae8393c3023169da447c2ae	1	true	2018-05-27T15:00:00.619Z
5b0ac7f03166f717305eaf1d	2018-05-27T15:00:00.620Z	0	5ae8355a567e17937cf407e4	5ae8399c3023169da447c2af	1	true	2018-05-27T15:00:00.620Z
5b0ac7f03166f717305eaf1f	2018-05-27T15:00:00.620Z	0	5ae83659567e17937cf407ea	5ae839d23023169da447c2b0	1	true	2018-05-27T15:00:00.620Z
5b0ac7f03166f717305eaf21	2018-05-27T15:00:00.622Z	0	5af85782ac5680781c7bb910	5af7e7f7a649e671d91ee6d4	1	true	2018-05-27T15:00:00.622Z
5b0ac7f03166f717305eaf23	2018-05-27T15:00:00.624Z	0	5af85a75ac5680781c7bb927	5af84f25ac5680781c7bb903	1	true	2018-05-27T15:00:00.624Z
5b0ac7f03166f717305eaf25	2018-05-27T15:00:00.626Z	0	5af984f3ac5680781c7bb938	5af84fafac5680781c7bb904	1	true	2018-05-27T15:00:00.626Z
5b0ac7f03166f717305eaf27	2018-05-27T15:00:00.627Z	0	5af98638ac5680781c7bb943	5af84fe6ac5680781c7bb905	1	true	2018-05-27T15:00:00.627Z
5b0ac7f03166f717305eaf29	2018-05-27T15:00:00.628Z	0	5af98a2eac5680781c7bb954	5af8502dac5680781c7bb906	1	true	2018-05-27T15:00:00.628Z
5b0ac7f03166f717305eaf2b	2018-05-27T15:00:00.629Z	0	5af98baeac5680781c7bb963	5af8507aac5680781c7bb907	1	true	2018-05-27T15:00:00.629Z
5b0ac7f03166f717305eaf2d	2018-05-27T15:00:00.631Z	0	5af98cddac5680781c7bb970	5af850baac5680781c7bb908	1	true	2018-05-27T15:00:00.631Z
5b0ac7f03166f717305eaf2f	2018-05-27T15:00:00.633Z	0	5af990a5ac5680781c7bb97d	5af850ddac5680781c7bb909	1	true	2018-05-27T15:00:00.633Z
5b0ac7f03166f717305eaf31	2018-05-27T15:00:00.636Z	0	5af99480ac5680781c7bb989	5af85145ac5680781c7bb90a	1	true	2018-05-27T15:00:00.636Z
5b0ac7f03166f717305eaf33	2018-05-27T15:00:00.636Z	0	5af995a1ac5680781c7bb993	5af8517aac5680781c7bb90b	1	true	2018-05-27T15:00:00.636Z
5b0ac7f03166f717305eaf35	2018-05-27T15:00:00.637Z	0	5afc3d252801f3052630fe04	5ae8393c3023169da447c2ae	1	false	2018-05-27T15:00:00.637Z
5b0ac7f03166f717305eaf37	2018-05-27T15:00:00.639Z	0	5afc3d252801f3052630fe04	5ae8399c3023169da447c2af	1	false	2018-05-27T15:00:00.639Z
5b0ac7f03166f717305eaf39	2018-05-27T15:00:00.645Z	0	5afc3d252801f3052630fe04	5ae839d23023169da447c2b0	1	false	2018-05-27T15:00:00.645Z
5b0ac7f03166f717305eaf3b	2018-05-27T15:00:00.647Z	0	5afc3d252801f3052630fe04	5af7e7f7a649e671d91ee6d4	1	false	2018-05-27T15:00:00.647Z
5b0ac7f03166f717305eaf3d	2018-05-27T15:00:00.648Z	0	5afc3d252801f3052630fe04	5af84f25ac5680781c7bb903	1	false	2018-05-27T15:00:00.648Z
5b0ac7f03166f717305eaf3f	2018-05-27T15:00:00.649Z	0	5afc3d252801f3052630fe04	5af84fafac5680781c7bb904	1	false	2018-05-27T15:00:00.649Z
5b0ac7f03166f717305eaf41	2018-05-27T15:00:00.654Z	0	5afc3d252801f3052630fe04	5af84fe6ac5680781c7bb905	1	false	2018-05-27T15:00:00.654Z
5b0ac7f03166f717305eaf43	2018-05-27T15:00:00.658Z	0	5afc3d252801f3052630fe04	5af8502dac5680781c7bb906	1	false	2018-05-27T15:00:00.658Z
5b0ac7f03166f717305eaf45	2018-05-27T15:00:00.660Z	0	5afc3d252801f3052630fe04	5af8507aac5680781c7bb907	1	false	2018-05-27T15:00:00.660Z
5b0ac7f03166f717305eaf47	2018-05-27T15:00:00.661Z	0	5afc3d252801f3052630fe04	5af850baac5680781c7bb908	1	false	2018-05-27T15:00:00.661Z
5b0ac7f03166f717305eaf49	2018-05-27T15:00:00.672Z	0	5afc3d252801f3052630fe04	5af850ddac5680781c7bb909	1	false	2018-05-27T15:00:00.672Z
5b0ac7f03166f717305eaf4b	2018-05-27T15:00:00.674Z	0	5afc3d252801f3052630fe04	5af85145ac5680781c7bb90a	1	false	2018-05-27T15:00:00.674Z
5b0ac7f03166f717305eaf4d	2018-05-27T15:00:00.677Z	0	5afc3d252801f3052630fe04	5af8517aac5680781c7bb90b	1	false	2018-05-27T15:00:00.677Z
5b0ac7f053296f000f447dd4	2018-05-27T15:00:00.736Z	0	5ae83320748fb2a67c5f6e54	5ae8393c3023169da447c2ae	1	true	2018-05-27T15:00:00.736Z
5b0ac7f053296f000f447dd8	2018-05-27T15:00:00.738Z	0	5ae83659567e17937cf407ea	5ae839d23023169da447c2b0	1	true	2018-05-27T15:00:00.738Z
5b0ac7f053296f000f447dd6	2018-05-27T15:00:00.737Z	0	5ae8355a567e17937cf407e4	5ae8399c3023169da447c2af	1	true	2018-05-27T15:00:00.737Z
5b0ac7f053296f000f447dda	2018-05-27T15:00:00.755Z	0	5af984f3ac5680781c7bb938	5af84fafac5680781c7bb904	1	true	2018-05-27T15:00:00.755Z
5b0ac7f053296f000f447ddc	2018-05-27T15:00:00.755Z	0	5af990a5ac5680781c7bb97d	5af850ddac5680781c7bb909	1	true	2018-05-27T15:00:00.755Z
5b0ac7f053296f000f447dde	2018-05-27T15:00:00.755Z	0	5afc3d252801f3052630fe04	5ae839d23023169da447c2b0	1	false	2018-05-27T15:00:00.755Z
5b0ac7f053296f000f447de0	2018-05-27T15:00:00.756Z	0	5afc3d252801f3052630fe04	5af8502dac5680781c7bb906	1	false	2018-05-27T15:00:00.756Z
5b0ac7f053296f000f447de2	2018-05-27T15:00:00.757Z	0	5af98638ac5680781c7bb943	5af84fe6ac5680781c7bb905	1	true	2018-05-27T15:00:00.757Z
5b0ac7f053296f000f447de4	2018-05-27T15:00:00.757Z	0	5af99480ac5680781c7bb989	5af85145ac5680781c7bb90a	1	true	2018-05-27T15:00:00.757Z
5b0ac7f053296f000f447de6	2018-05-27T15:00:00.757Z	0	5afc3d252801f3052630fe04	5af7e7f7a649e671d91ee6d4	1	false	2018-05-27T15:00:00.757Z
5b0ac7f053296f000f447de8	2018-05-27T15:00:00.758Z	0	5afc3d252801f3052630fe04	5af8507aac5680781c7bb907	1	false	2018-05-27T15:00:00.758Z
5b0ac7f053296f000f447dea	2018-05-27T15:00:00.758Z	0	5af98a2eac5680781c7bb954	5af8502dac5680781c7bb906	1	true	2018-05-27T15:00:00.758Z
5b0ac7f053296f000f447dec	2018-05-27T15:00:00.758Z	0	5af995a1ac5680781c7bb993	5af8517aac5680781c7bb90b	1	true	2018-05-27T15:00:00.758Z
5b0ac7f053296f000f447dee	2018-05-27T15:00:00.765Z	0	5afc3d252801f3052630fe04	5af84f25ac5680781c7bb903	1	false	2018-05-27T15:00:00.765Z
5b0ac7f053296f000f447df0	2018-05-27T15:00:00.766Z	0	5af85782ac5680781c7bb910	5af7e7f7a649e671d91ee6d4	1	true	2018-05-27T15:00:00.766Z
5b0ac7f053296f000f447df2	2018-05-27T15:00:00.766Z	0	5af98baeac5680781c7bb963	5af8507aac5680781c7bb907	1	true	2018-05-27T15:00:00.766Z
5b0ac7f053296f000f447df4	2018-05-27T15:00:00.767Z	0	5afc3d252801f3052630fe04	5ae8393c3023169da447c2ae	1	false	2018-05-27T15:00:00.767Z
5b0ac7f053296f000f447df6	2018-05-27T15:00:00.767Z	0	5afc3d252801f3052630fe04	5af84fafac5680781c7bb904	1	false	2018-05-27T15:00:00.767Z
5b0ac7f053296f000f447df8	2018-05-27T15:00:00.767Z	0	5af85a75ac5680781c7bb927	5af84f25ac5680781c7bb903	1	true	2018-05-27T15:00:00.767Z
5b0ac7f053296f000f447dfa	2018-05-27T15:00:00.767Z	0	5af98cddac5680781c7bb970	5af850baac5680781c7bb908	1	true	2018-05-27T15:00:00.767Z
5b0ac7f053296f000f447dfc	2018-05-27T15:00:00.768Z	0	5afc3d252801f3052630fe04	5ae8399c3023169da447c2af	1	false	2018-05-27T15:00:00.768Z
5b0ac7f053296f000f447dfe	2018-05-27T15:00:00.768Z	0	5afc3d252801f3052630fe04	5af84fe6ac5680781c7bb905	1	false	2018-05-27T15:00:00.768Z
5b0ac7f053296f000f447e00	2018-05-27T15:00:00.768Z	0	5afc3d252801f3052630fe04	5af85145ac5680781c7bb90a	1	false	2018-05-27T15:00:00.768Z
5b0ac7f053296f000f447e02	2018-05-27T15:00:00.779Z	0	5afc3d252801f3052630fe04	5af8517aac5680781c7bb90b	1	false	2018-05-27T15:00:00.779Z
5b0ac7f053296f000f447e04	2018-05-27T15:00:00.779Z	0	5afc3d252801f3052630fe04	5af850baac5680781c7bb908	1	false	2018-05-27T15:00:00.779Z
5b0ac7f053296f000f447e06	2018-05-27T15:00:00.780Z	0	5afc3d252801f3052630fe04	5af850ddac5680781c7bb909	1	false	2018-05-27T15:00:00.780Z
5b0b3da53166f717305eaf50	2018-05-27T23:22:13.051Z	1	5ae83320748fb2a67c5f6e54	5ae8393c3023169da447c2ae	13	true	2018-05-27T23:22:13.051Z
5b0b3e083166f717305eaf57	2018-05-27T23:23:52.148Z	2	5ae83320748fb2a67c5f6e54	5ae8393c3023169da447c2ae	13	true	2018-05-27T23:23:52.148Z
5b0b3e083166f717305eaf58		0	5ae8334c748fb2a67c5f6e55	5ae8393c3023169da447c2ae	13	true	2018-05-27T23:23:52.150Z
5b0b3e9a3166f717305eaf62	2018-05-27T23:26:18.923Z	1	5ae8334c748fb2a67c5f6e55	5ae8393c3023169da447c2ae	13	true	2018-05-27T23:26:18.923Z
5b0b3ed93166f717305eaf67	2018-05-27T23:27:21.113Z	2	5ae8334c748fb2a67c5f6e55	5ae8393c3023169da447c2ae	13	true	2018-05-27T23:27:21.113Z
5b0b3ed93166f717305eaf68		0	5ae8336c748fb2a67c5f6e56	5ae8393c3023169da447c2ae	13	true	2018-05-27T23:27:21.114Z
5b0b41243166f717305eaf8f	2018-05-27T23:37:08.678Z	1	5ae8336c748fb2a67c5f6e56	5ae8393c3023169da447c2ae	13	true	2018-05-27T23:37:08.678Z
5b0b41893166f717305eaf96	2018-05-27T23:38:49.601Z	2	5ae8336c748fb2a67c5f6e56	5ae8393c3023169da447c2ae	13	true	2018-05-27T23:38:49.601Z
5b0b41893166f717305eaf97		0	5ae834df567e17937cf407e1	5ae8393c3023169da447c2ae	13	true	2018-05-27T23:38:49.603Z
5b0b420c3166f717305eafa0	2018-05-27T23:41:00.800Z	1	5ae834df567e17937cf407e1	5ae8393c3023169da447c2ae	13	true	2018-05-27T23:41:00.800Z
5b0b424d3166f717305eafa5	2018-05-27T23:42:05.198Z	2	5ae834df567e17937cf407e1	5ae8393c3023169da447c2ae	13	true	2018-05-27T23:42:05.198Z
5b0b424d3166f717305eafa6		0	5ae83521567e17937cf407e2	5ae8393c3023169da447c2ae	13	true	2018-05-27T23:42:05.199Z
5b0b425e3166f717305eafa8	2018-05-27T23:42:22.014Z	1	5ae83521567e17937cf407e2	5ae8393c3023169da447c2ae	13	true	2018-05-27T23:42:22.014Z
5b0b426e3166f717305eafaa	2018-05-27T23:42:38.054Z	2	5ae83521567e17937cf407e2	5ae8393c3023169da447c2ae	13	true	2018-05-27T23:42:38.054Z
5b0b426e3166f717305eafab		0	5ae8353d567e17937cf407e3	5ae8393c3023169da447c2ae	13	true	2018-05-27T23:42:38.055Z
5b0b45013166f717305eafd6	2018-05-27T23:53:37.038Z	1	5ae8353d567e17937cf407e3	5ae8393c3023169da447c2ae	13	true	2018-05-27T23:53:37.038Z
5b0b45113166f717305eafd8	2018-05-27T23:53:53.119Z	2	5ae8353d567e17937cf407e3	5ae8393c3023169da447c2ae	13	true	2018-05-27T23:53:53.119Z
5b0b45113166f717305eafd9		0	5af85642ac5680781c7bb90c	5ae8393c3023169da447c2ae	13	true	2018-05-27T23:53:53.123Z
5b0b4d9f3166f717305eb066	2018-05-28T00:30:23.311Z	1	5af85642ac5680781c7bb90c	5ae8393c3023169da447c2ae	13	true	2018-05-28T00:30:23.311Z
5b0b4db03166f717305eb068	2018-05-28T00:30:40.154Z	2	5af85642ac5680781c7bb90c	5ae8393c3023169da447c2ae	13	true	2018-05-28T00:30:40.154Z
5b0bd13d3166f717305eb070	2018-05-28T09:51:57.451Z	1	5afc3d252801f3052630fe04	5ae8393c3023169da447c2ae	13	false	2018-05-28T09:51:57.451Z
5b0bd14d3166f717305eb072	2018-05-28T09:52:13.890Z	2	5afc3d252801f3052630fe04	5ae8393c3023169da447c2ae	13	false	2018-05-28T09:52:13.890Z
5b0bd14d3166f717305eb073		0	5afc341c2801f3052630fdb0	5ae8393c3023169da447c2ae	13	false	2018-05-28T09:52:13.891Z
5b0bdde43166f717305eb148	2018-05-28T10:45:56.645Z	1	5afc341c2801f3052630fdb0	5ae8393c3023169da447c2ae	13	false	2018-05-28T10:45:56.645Z
5b0bde153166f717305eb14c	2018-05-28T10:46:45.069Z	2	5afc341c2801f3052630fdb0	5ae8393c3023169da447c2ae	13	false	2018-05-28T10:46:45.069Z
5b0bde153166f717305eb14d		0	5afc341c2801f3052630fdb1	5ae8393c3023169da447c2ae	13	false	2018-05-28T10:46:45.070Z
5b0bde653166f717305eb153	2018-05-28T10:48:05.446Z	1	5afc341c2801f3052630fdb1	5ae8393c3023169da447c2ae	13	false	2018-05-28T10:48:05.446Z
5b0bdea73166f717305eb158	2018-05-28T10:49:11.294Z	2	5afc341c2801f3052630fdb1	5ae8393c3023169da447c2ae	13	false	2018-05-28T10:49:11.294Z
5b0bdea73166f717305eb159		0	5afc341c2801f3052630fdb2	5ae8393c3023169da447c2ae	13	false	2018-05-28T10:49:11.295Z
5b0bdeb83166f717305eb15b	2018-05-28T10:49:28.034Z	1	5afc341c2801f3052630fdb2	5ae8393c3023169da447c2ae	13	false	2018-05-28T10:49:28.034Z
5b0bdec83166f717305eb15d	2018-05-28T10:49:44.965Z	2	5afc341c2801f3052630fdb2	5ae8393c3023169da447c2ae	13	false	2018-05-28T10:49:44.965Z
5b0bdec83166f717305eb15e		0	5afc341c2801f3052630fdb3	5ae8393c3023169da447c2ae	13	false	2018-05-28T10:49:44.970Z
5b0bdf663166f717305eb169	2018-05-28T10:52:22.128Z	1	5afc341c2801f3052630fdb3	5ae8393c3023169da447c2ae	13	false	2018-05-28T10:52:22.128Z
5b0bdf743166f717305eb16b	2018-05-28T10:52:36.227Z	2	5afc341c2801f3052630fdb3	5ae8393c3023169da447c2ae	13	false	2018-05-28T10:52:36.227Z
5b0bdf743166f717305eb16c		0	5afc341c2801f3052630fdb4	5ae8393c3023169da447c2ae	13	false	2018-05-28T10:52:36.228Z
5b0be10b3166f717305eb186	2018-05-28T10:59:23.910Z	1	5afc341c2801f3052630fdb4	5ae8393c3023169da447c2ae	13	false	2018-05-28T10:59:23.910Z
5b0be13c3166f717305eb18a	2018-05-28T11:00:12.901Z	2	5afc341c2801f3052630fdb4	5ae8393c3023169da447c2ae	13	false	2018-05-28T11:00:12.901Z
5b0be13c3166f717305eb18b		0	5afc341c2801f3052630fdb5	5ae8393c3023169da447c2ae	13	false	2018-05-28T11:00:12.902Z
5b0be1803166f717305eb190	2018-05-28T11:01:20.055Z	1	5afc341c2801f3052630fdb5	5ae8393c3023169da447c2ae	13	false	2018-05-28T11:01:20.055Z
5b0be1e33166f717305eb197	2018-05-28T11:02:59.076Z	2	5afc341c2801f3052630fdb5	5ae8393c3023169da447c2ae	13	false	2018-05-28T11:02:59.076Z
5b0bfea0c50b1915d896c1be		1	5ae83590567e17937cf407e5	5ae8399c3023169da447c2af	4	true	2018-05-28T13:05:36.515Z
5b0bfec0c50b1915d896c1bf		0	5ae83673567e17937cf407eb	5ae839d23023169da447c2b0	4	true	2018-05-28T13:06:08.570Z
5b0c1970c50b1915d896c1c6	2018-05-28T15:00:00.589Z	0	5af85782ac5680781c7bb910	5af7e7f7a649e671d91ee6d4	1	true	2018-05-28T15:00:00.589Z
5b0c1970c50b1915d896c1c8	2018-05-28T15:00:00.592Z	0	5af85a75ac5680781c7bb927	5af84f25ac5680781c7bb903	1	true	2018-05-28T15:00:00.592Z
5b0c1970c50b1915d896c1ca	2018-05-28T15:00:00.594Z	0	5af984f3ac5680781c7bb938	5af84fafac5680781c7bb904	1	true	2018-05-28T15:00:00.594Z
5b0c1970c50b1915d896c1cc	2018-05-28T15:00:00.596Z	0	5af98638ac5680781c7bb943	5af84fe6ac5680781c7bb905	1	true	2018-05-28T15:00:00.596Z
5b0c1970c50b1915d896c1ce	2018-05-28T15:00:00.598Z	0	5af98a2eac5680781c7bb954	5af8502dac5680781c7bb906	1	true	2018-05-28T15:00:00.598Z
5b0c1970c50b1915d896c1d2	2018-05-28T15:00:00.602Z	0	5af98cddac5680781c7bb970	5af850baac5680781c7bb908	1	true	2018-05-28T15:00:00.602Z
5b0c1970c50b1915d896c1d6	2018-05-28T15:00:00.605Z	0	5af99480ac5680781c7bb989	5af85145ac5680781c7bb90a	1	true	2018-05-28T15:00:00.605Z
5b0c1970c50b1915d896c1d8	2018-05-28T15:00:00.608Z	0	5af995a1ac5680781c7bb993	5af8517aac5680781c7bb90b	1	true	2018-05-28T15:00:00.608Z
5b0c1970c50b1915d896c1d4	2018-05-28T15:00:00.604Z	0	5af990a5ac5680781c7bb97d	5af850ddac5680781c7bb909	1	true	2018-05-28T15:00:00.604Z
5b0c1970c50b1915d896c1dc	2018-05-28T15:00:00.612Z	0	5afc3d252801f3052630fe04	5ae8399c3023169da447c2af	1	false	2018-05-28T15:00:00.612Z
5b0c1970c50b1915d896c1de	2018-05-28T15:00:00.614Z	0	5afc3d252801f3052630fe04	5ae839d23023169da447c2b0	1	false	2018-05-28T15:00:00.614Z
5b0c1970c50b1915d896c1e0	2018-05-28T15:00:00.615Z	0	5afc3d252801f3052630fe04	5af7e7f7a649e671d91ee6d4	1	false	2018-05-28T15:00:00.615Z
5b0c1970c50b1915d896c1e2	2018-05-28T15:00:00.617Z	0	5afc3d252801f3052630fe04	5af84f25ac5680781c7bb903	1	false	2018-05-28T15:00:00.617Z
5b0c1970c50b1915d896c1e6	2018-05-28T15:00:00.620Z	0	5afc3d252801f3052630fe04	5af84fe6ac5680781c7bb905	1	false	2018-05-28T15:00:00.620Z
5b0c1970c50b1915d896c1e8	2018-05-28T15:00:00.621Z	0	5afc3d252801f3052630fe04	5af8502dac5680781c7bb906	1	false	2018-05-28T15:00:00.621Z
5b0c1970c50b1915d896c1ea	2018-05-28T15:00:00.623Z	0	5afc3d252801f3052630fe04	5af8507aac5680781c7bb907	1	false	2018-05-28T15:00:00.623Z
5b0c1970c50b1915d896c1ec	2018-05-28T15:00:00.625Z	0	5afc3d252801f3052630fe04	5af850baac5680781c7bb908	1	false	2018-05-28T15:00:00.625Z
5b0c1970c50b1915d896c1f0	2018-05-28T15:00:00.629Z	0	5afc3d252801f3052630fe04	5af85145ac5680781c7bb90a	1	false	2018-05-28T15:00:00.629Z
5b0c1970c50b1915d896c1f2	2018-05-28T15:00:00.631Z	0	5afc3d252801f3052630fe04	5af8517aac5680781c7bb90b	1	false	2018-05-28T15:00:00.631Z
5b0c1970c50b1915d896c1c0	2018-05-28T15:00:00.418Z	0	5ae83320748fb2a67c5f6e54	5ae8393c3023169da447c2ae	1	true	2018-05-28T15:00:00.418Z
5b0c1970c50b1915d896c1c2	2018-05-28T15:00:00.479Z	0	5ae8355a567e17937cf407e4	5ae8399c3023169da447c2af	1	true	2018-05-28T15:00:00.479Z
5b0c1970c50b1915d896c1c4	2018-05-28T15:00:00.538Z	0	5ae83659567e17937cf407ea	5ae839d23023169da447c2b0	1	true	2018-05-28T15:00:00.538Z
5b0c1970c50b1915d896c1d0	2018-05-28T15:00:00.600Z	0	5af98baeac5680781c7bb963	5af8507aac5680781c7bb907	1	true	2018-05-28T15:00:00.600Z
5b0c1970c50b1915d896c1da	2018-05-28T15:00:00.610Z	0	5afc3d252801f3052630fe04	5ae8393c3023169da447c2ae	1	false	2018-05-28T15:00:00.610Z
5b0c1970c50b1915d896c1e4	2018-05-28T15:00:00.618Z	0	5afc3d252801f3052630fe04	5af84fafac5680781c7bb904	1	false	2018-05-28T15:00:00.618Z
5b0c1970c50b1915d896c1ee	2018-05-28T15:00:00.627Z	0	5afc3d252801f3052630fe04	5af850ddac5680781c7bb909	1	false	2018-05-28T15:00:00.627Z
5b0c197053296f000f447e08	2018-05-28T15:00:00.731Z	0	5ae83320748fb2a67c5f6e54	5ae8393c3023169da447c2ae	1	true	2018-05-28T15:00:00.731Z
5b0c197053296f000f447e0a	2018-05-28T15:00:00.735Z	0	5af984f3ac5680781c7bb938	5af84fafac5680781c7bb904	1	true	2018-05-28T15:00:00.735Z
5b0c197053296f000f447e0c	2018-05-28T15:00:00.736Z	0	5ae8355a567e17937cf407e4	5ae8399c3023169da447c2af	1	true	2018-05-28T15:00:00.736Z
5b0c197053296f000f447e0e	2018-05-28T15:00:00.736Z	0	5af98638ac5680781c7bb943	5af84fe6ac5680781c7bb905	1	true	2018-05-28T15:00:00.736Z
5b0c197053296f000f447e10	2018-05-28T15:00:00.737Z	0	5ae83659567e17937cf407ea	5ae839d23023169da447c2b0	1	true	2018-05-28T15:00:00.737Z
5b0c197053296f000f447e12	2018-05-28T15:00:00.737Z	0	5af98a2eac5680781c7bb954	5af8502dac5680781c7bb906	1	true	2018-05-28T15:00:00.737Z
5b0c197053296f000f447e14	2018-05-28T15:00:00.737Z	0	5af85782ac5680781c7bb910	5af7e7f7a649e671d91ee6d4	1	true	2018-05-28T15:00:00.737Z
5b0c197053296f000f447e16	2018-05-28T15:00:00.738Z	0	5af85a75ac5680781c7bb927	5af84f25ac5680781c7bb903	1	true	2018-05-28T15:00:00.738Z
5b0c197053296f000f447e18	2018-05-28T15:00:00.746Z	0	5af990a5ac5680781c7bb97d	5af850ddac5680781c7bb909	1	true	2018-05-28T15:00:00.746Z
5b0c197053296f000f447e1a	2018-05-28T15:00:00.747Z	0	5afc3d252801f3052630fe04	5ae839d23023169da447c2b0	1	false	2018-05-28T15:00:00.747Z
5b0c197053296f000f447e1c	2018-05-28T15:00:00.747Z	0	5afc3d252801f3052630fe04	5af8502dac5680781c7bb906	1	false	2018-05-28T15:00:00.747Z
5b0c197053296f000f447e1e	2018-05-28T15:00:00.748Z	0	5afc3d252801f3052630fe04	5af8517aac5680781c7bb90b	1	false	2018-05-28T15:00:00.748Z
5b0c197053296f000f447e20	2018-05-28T15:00:00.748Z	0	5af99480ac5680781c7bb989	5af85145ac5680781c7bb90a	1	true	2018-05-28T15:00:00.748Z
5b0c197053296f000f447e22	2018-05-28T15:00:00.748Z	0	5afc3d252801f3052630fe04	5af7e7f7a649e671d91ee6d4	1	false	2018-05-28T15:00:00.748Z
5b0c197053296f000f447e24	2018-05-28T15:00:00.749Z	0	5afc3d252801f3052630fe04	5af8507aac5680781c7bb907	1	false	2018-05-28T15:00:00.749Z
5b0c197053296f000f447e26	2018-05-28T15:00:00.749Z	0	5af995a1ac5680781c7bb993	5af8517aac5680781c7bb90b	1	true	2018-05-28T15:00:00.749Z
5b0c197053296f000f447e28	2018-05-28T15:00:00.751Z	0	5afc3d252801f3052630fe04	5af84f25ac5680781c7bb903	1	false	2018-05-28T15:00:00.751Z
5b0c197053296f000f447e2a	2018-05-28T15:00:00.752Z	0	5afc3d252801f3052630fe04	5af850baac5680781c7bb908	1	false	2018-05-28T15:00:00.752Z
5b0c197053296f000f447e2c	2018-05-28T15:00:00.752Z	0	5af98baeac5680781c7bb963	5af8507aac5680781c7bb907	1	true	2018-05-28T15:00:00.752Z
5b0c197053296f000f447e2e	2018-05-28T15:00:00.753Z	0	5afc3d252801f3052630fe04	5ae8393c3023169da447c2ae	1	false	2018-05-28T15:00:00.753Z
5b0c197053296f000f447e30	2018-05-28T15:00:00.753Z	0	5afc3d252801f3052630fe04	5af84fafac5680781c7bb904	1	false	2018-05-28T15:00:00.753Z
5b0c197053296f000f447e32	2018-05-28T15:00:00.753Z	0	5afc3d252801f3052630fe04	5af850ddac5680781c7bb909	1	false	2018-05-28T15:00:00.753Z
5b0c197053296f000f447e34	2018-05-28T15:00:00.754Z	0	5af98cddac5680781c7bb970	5af850baac5680781c7bb908	1	true	2018-05-28T15:00:00.754Z
5b0c197053296f000f447e36	2018-05-28T15:00:00.754Z	0	5afc3d252801f3052630fe04	5ae8399c3023169da447c2af	1	false	2018-05-28T15:00:00.754Z
5b0c197053296f000f447e38	2018-05-28T15:00:00.754Z	0	5afc3d252801f3052630fe04	5af84fe6ac5680781c7bb905	1	false	2018-05-28T15:00:00.754Z
5b0c197053296f000f447e3a	2018-05-28T15:00:00.755Z	0	5afc3d252801f3052630fe04	5af85145ac5680781c7bb90a	1	false	2018-05-28T15:00:00.755Z
5b0d0259c50b1915d896c308		1	5ae8355a567e17937cf407e4	5ae8399c3023169da447c2af	1	true	2018-05-29T07:33:45.151Z
5b0d0277c50b1915d896c309		0	5ae83690567e17937cf407ec	5ae839d23023169da447c2b0	1	true	2018-05-29T07:34:15.880Z
5b0d242ec50b1915d896c30b	2018-05-29T09:58:06.415Z	1	5afc3d252801f3052630fe04	5ae8393c3023169da447c2ae	13	false	2018-05-29T09:58:06.415Z
5b0d243ec50b1915d896c30d	2018-05-29T09:58:22.673Z	2	5afc3d252801f3052630fe04	5ae8393c3023169da447c2ae	13	false	2018-05-29T09:58:22.673Z
5b0d243ec50b1915d896c30e		0	5afc341c2801f3052630fdb0	5ae8393c3023169da447c2ae	13	false	2018-05-29T09:58:22.675Z
5b0d4d41c50b1915d896c32e		1	5af8588aac5680781c7bb91a	5af7e7f7a649e671d91ee6d4	4	true	2018-05-29T12:53:21.343Z
5b0d4e4bc50b1915d896c32f		1	5af85ad5ac5680781c7bb92b	5af84f25ac5680781c7bb903	4	true	2018-05-29T12:57:47.564Z
5b0d5080c50b1915d896c330		1	5af9854cac5680781c7bb93c	5af84fafac5680781c7bb904	4	true	2018-05-29T13:07:12.248Z
5b0d6af0a33711000f84843c	2018-05-29T15:00:00.115Z	0	5ae83320748fb2a67c5f6e54	5ae8393c3023169da447c2ae	1	true	2018-05-29T15:00:00.116Z
5b0d6af0a33711000f84843e	2018-05-29T15:00:00.135Z	0	5af984f3ac5680781c7bb938	5af84fafac5680781c7bb904	1	true	2018-05-29T15:00:00.136Z
5b0d6af0a33711000f848440	2018-05-29T15:00:00.136Z	0	5af990a5ac5680781c7bb97d	5af850ddac5680781c7bb909	1	true	2018-05-29T15:00:00.136Z
5b0d6af0a33711000f848442	2018-05-29T15:00:00.137Z	0	5afc3d252801f3052630fe04	5ae839d23023169da447c2b0	1	false	2018-05-29T15:00:00.137Z
5b0d6af0a33711000f848444	2018-05-29T15:00:00.162Z	0	5afc3d252801f3052630fe04	5af8502dac5680781c7bb906	1	false	2018-05-29T15:00:00.162Z
5b0d6af0a33711000f848446	2018-05-29T15:00:00.163Z	0	5afc3d252801f3052630fe04	5af8517aac5680781c7bb90b	1	false	2018-05-29T15:00:00.163Z
5b0d6af0a33711000f848448	2018-05-29T15:00:00.163Z	0	5af85782ac5680781c7bb910	5af7e7f7a649e671d91ee6d4	1	true	2018-05-29T15:00:00.163Z
5b0d6af0a33711000f84844a	2018-05-29T15:00:00.164Z	0	5af98baeac5680781c7bb963	5af8507aac5680781c7bb907	1	true	2018-05-29T15:00:00.164Z
5b0d6af0a33711000f84844c	2018-05-29T15:00:00.164Z	0	5afc3d252801f3052630fe04	5ae8393c3023169da447c2ae	1	false	2018-05-29T15:00:00.164Z
5b0d6af0a33711000f84844e	2018-05-29T15:00:00.164Z	0	5afc3d252801f3052630fe04	5af84fafac5680781c7bb904	1	false	2018-05-29T15:00:00.164Z
5b0d6af0a33711000f848450	2018-05-29T15:00:00.165Z	0	5afc3d252801f3052630fe04	5af850ddac5680781c7bb909	1	false	2018-05-29T15:00:00.165Z
5b0d6af0a33711000f848452	2018-05-29T15:00:00.165Z	0	5ae83659567e17937cf407ea	5ae839d23023169da447c2b0	1	true	2018-05-29T15:00:00.165Z
5b0d6af0a33711000f848454	2018-05-29T15:00:00.165Z	0	5af98a2eac5680781c7bb954	5af8502dac5680781c7bb906	1	true	2018-05-29T15:00:00.165Z
5b0d6af0a33711000f848456	2018-05-29T15:00:00.166Z	0	5af995a1ac5680781c7bb993	5af8517aac5680781c7bb90b	1	true	2018-05-29T15:00:00.166Z
5b0d6af0a33711000f848458	2018-05-29T15:00:00.166Z	0	5afc3d252801f3052630fe04	5af84f25ac5680781c7bb903	1	false	2018-05-29T15:00:00.166Z
5b0d6af0a33711000f84845a	2018-05-29T15:00:00.167Z	0	5afc3d252801f3052630fe04	5af850baac5680781c7bb908	1	false	2018-05-29T15:00:00.167Z
5b0d6af0a33711000f84845c	2018-05-29T15:00:00.167Z	0	5ae8355a567e17937cf407e4	5ae8399c3023169da447c2af	1	true	2018-05-29T15:00:00.167Z
5b0d6af0a33711000f84845e	2018-05-29T15:00:00.168Z	0	5af98638ac5680781c7bb943	5af84fe6ac5680781c7bb905	1	true	2018-05-29T15:00:00.168Z
5b0d6af0a33711000f848460	2018-05-29T15:00:00.168Z	0	5af99480ac5680781c7bb989	5af85145ac5680781c7bb90a	1	true	2018-05-29T15:00:00.168Z
5b0d6af0a33711000f848462	2018-05-29T15:00:00.168Z	0	5afc3d252801f3052630fe04	5af7e7f7a649e671d91ee6d4	1	false	2018-05-29T15:00:00.168Z
5b0d6af0a33711000f848464	2018-05-29T15:00:00.169Z	0	5afc3d252801f3052630fe04	5af8507aac5680781c7bb907	1	false	2018-05-29T15:00:00.169Z
5b0d6af0a33711000f848466	2018-05-29T15:00:00.169Z	0	5af85a75ac5680781c7bb927	5af84f25ac5680781c7bb903	1	true	2018-05-29T15:00:00.169Z
5b0d6af0a33711000f848468	2018-05-29T15:00:00.170Z	0	5af98cddac5680781c7bb970	5af850baac5680781c7bb908	1	true	2018-05-29T15:00:00.170Z
5b0d6af0a33711000f84846a	2018-05-29T15:00:00.170Z	0	5afc3d252801f3052630fe04	5ae8399c3023169da447c2af	1	false	2018-05-29T15:00:00.170Z
5b0d6af0a33711000f84846c	2018-05-29T15:00:00.171Z	0	5afc3d252801f3052630fe04	5af84fe6ac5680781c7bb905	1	false	2018-05-29T15:00:00.171Z
5b0d6af0a33711000f84846e	2018-05-29T15:00:00.171Z	0	5afc3d252801f3052630fe04	5af85145ac5680781c7bb90a	1	false	2018-05-29T15:00:00.171Z
5b0d6af0c50b1915d896c331	2018-05-29T15:00:00.321Z	0	5ae83320748fb2a67c5f6e54	5ae8393c3023169da447c2ae	1	true	2018-05-29T15:00:00.321Z
5b0d6af0c50b1915d896c333	2018-05-29T15:00:00.322Z	0	5ae8355a567e17937cf407e4	5ae8399c3023169da447c2af	1	true	2018-05-29T15:00:00.322Z
5b0d6af0c50b1915d896c335	2018-05-29T15:00:00.323Z	0	5ae83659567e17937cf407ea	5ae839d23023169da447c2b0	1	true	2018-05-29T15:00:00.323Z
5b0d6af0c50b1915d896c337	2018-05-29T15:00:00.327Z	0	5af85782ac5680781c7bb910	5af7e7f7a649e671d91ee6d4	1	true	2018-05-29T15:00:00.327Z
5b0d6af0c50b1915d896c339	2018-05-29T15:00:00.329Z	0	5af85a75ac5680781c7bb927	5af84f25ac5680781c7bb903	1	true	2018-05-29T15:00:00.329Z
5b0d6af0c50b1915d896c33b	2018-05-29T15:00:00.331Z	0	5af984f3ac5680781c7bb938	5af84fafac5680781c7bb904	1	true	2018-05-29T15:00:00.331Z
5b0d6af0c50b1915d896c33d	2018-05-29T15:00:00.332Z	0	5af98638ac5680781c7bb943	5af84fe6ac5680781c7bb905	1	true	2018-05-29T15:00:00.332Z
5b0d6af0c50b1915d896c33f	2018-05-29T15:00:00.333Z	0	5af98a2eac5680781c7bb954	5af8502dac5680781c7bb906	1	true	2018-05-29T15:00:00.333Z
5b0d6af0c50b1915d896c341	2018-05-29T15:00:00.335Z	0	5af98baeac5680781c7bb963	5af8507aac5680781c7bb907	1	true	2018-05-29T15:00:00.335Z
5b0d6af0c50b1915d896c343	2018-05-29T15:00:00.336Z	0	5af98cddac5680781c7bb970	5af850baac5680781c7bb908	1	true	2018-05-29T15:00:00.336Z
5b0d6af0c50b1915d896c345	2018-05-29T15:00:00.340Z	0	5af990a5ac5680781c7bb97d	5af850ddac5680781c7bb909	1	true	2018-05-29T15:00:00.340Z
5b0d6af0c50b1915d896c347	2018-05-29T15:00:00.359Z	0	5af99480ac5680781c7bb989	5af85145ac5680781c7bb90a	1	true	2018-05-29T15:00:00.359Z
5b0d6af0c50b1915d896c349	2018-05-29T15:00:00.366Z	0	5af995a1ac5680781c7bb993	5af8517aac5680781c7bb90b	1	true	2018-05-29T15:00:00.366Z
5b0d6af0c50b1915d896c34b	2018-05-29T15:00:00.368Z	0	5afc3d252801f3052630fe04	5ae8393c3023169da447c2ae	1	false	2018-05-29T15:00:00.368Z
5b0d6af0c50b1915d896c34d	2018-05-29T15:00:00.369Z	0	5afc3d252801f3052630fe04	5ae8399c3023169da447c2af	1	false	2018-05-29T15:00:00.369Z
5b0d6af0c50b1915d896c34f	2018-05-29T15:00:00.370Z	0	5afc3d252801f3052630fe04	5ae839d23023169da447c2b0	1	false	2018-05-29T15:00:00.370Z
5b0d6af0c50b1915d896c351	2018-05-29T15:00:00.372Z	0	5afc3d252801f3052630fe04	5af7e7f7a649e671d91ee6d4	1	false	2018-05-29T15:00:00.372Z
5b0d6af0c50b1915d896c353	2018-05-29T15:00:00.373Z	0	5afc3d252801f3052630fe04	5af84f25ac5680781c7bb903	1	false	2018-05-29T15:00:00.373Z
5b0d6af0c50b1915d896c355	2018-05-29T15:00:00.376Z	0	5afc3d252801f3052630fe04	5af84fafac5680781c7bb904	1	false	2018-05-29T15:00:00.376Z
5b0d6af0c50b1915d896c357	2018-05-29T15:00:00.378Z	0	5afc3d252801f3052630fe04	5af84fe6ac5680781c7bb905	1	false	2018-05-29T15:00:00.378Z
5b0d6af0c50b1915d896c359	2018-05-29T15:00:00.379Z	0	5afc3d252801f3052630fe04	5af8502dac5680781c7bb906	1	false	2018-05-29T15:00:00.379Z
5b0d6af0c50b1915d896c35b	2018-05-29T15:00:00.380Z	0	5afc3d252801f3052630fe04	5af8507aac5680781c7bb907	1	false	2018-05-29T15:00:00.380Z
5b0d6af0c50b1915d896c35d	2018-05-29T15:00:00.381Z	0	5afc3d252801f3052630fe04	5af850baac5680781c7bb908	1	false	2018-05-29T15:00:00.381Z
5b0d6af0c50b1915d896c35f	2018-05-29T15:00:00.383Z	0	5afc3d252801f3052630fe04	5af850ddac5680781c7bb909	1	false	2018-05-29T15:00:00.383Z
5b0d6af0c50b1915d896c361	2018-05-29T15:00:00.384Z	0	5afc3d252801f3052630fe04	5af85145ac5680781c7bb90a	1	false	2018-05-29T15:00:00.384Z
5b0d6af0c50b1915d896c363	2018-05-29T15:00:00.387Z	0	5afc3d252801f3052630fe04	5af8517aac5680781c7bb90b	1	false	2018-05-29T15:00:00.387Z
5b0de087c50b1915d896c366	2018-05-29T23:21:43.853Z	1	5ae83320748fb2a67c5f6e54	5ae8393c3023169da447c2ae	13	true	2018-05-29T23:21:43.853Z
5b0de0e7c50b1915d896c36c	2018-05-29T23:23:19.712Z	2	5ae83320748fb2a67c5f6e54	5ae8393c3023169da447c2ae	13	true	2018-05-29T23:23:19.712Z
5b0de0e7c50b1915d896c36d		0	5ae8334c748fb2a67c5f6e55	5ae8393c3023169da447c2ae	13	true	2018-05-29T23:23:19.714Z
5b0de12bc50b1915d896c372	2018-05-29T23:24:27.537Z	1	5ae8334c748fb2a67c5f6e55	5ae8393c3023169da447c2ae	13	true	2018-05-29T23:24:27.537Z
5b0de18bc50b1915d896c379	2018-05-29T23:26:03.600Z	2	5ae8334c748fb2a67c5f6e55	5ae8393c3023169da447c2ae	13	true	2018-05-29T23:26:03.600Z
5b0de18bc50b1915d896c37a		0	5ae8336c748fb2a67c5f6e56	5ae8393c3023169da447c2ae	13	true	2018-05-29T23:26:03.602Z
5b0de3fcc50b1915d896c3a3	2018-05-29T23:36:28.361Z	1	5ae8336c748fb2a67c5f6e56	5ae8393c3023169da447c2ae	13	true	2018-05-29T23:36:28.361Z
5b0de44dc50b1915d896c3a9	2018-05-29T23:37:49.522Z	2	5ae8336c748fb2a67c5f6e56	5ae8393c3023169da447c2ae	13	true	2018-05-29T23:37:49.522Z
5b0de44dc50b1915d896c3aa		0	5ae834df567e17937cf407e1	5ae8393c3023169da447c2ae	13	true	2018-05-29T23:37:49.524Z
5b0de47ec50b1915d896c3ae	2018-05-29T23:38:38.544Z	1	5ae834df567e17937cf407e1	5ae8393c3023169da447c2ae	13	true	2018-05-29T23:38:38.544Z
5b0de48ec50b1915d896c3b0	2018-05-29T23:38:54.622Z	2	5ae834df567e17937cf407e1	5ae8393c3023169da447c2ae	13	true	2018-05-29T23:38:54.622Z
5b0de48ec50b1915d896c3b1		0	5ae83521567e17937cf407e2	5ae8393c3023169da447c2ae	13	true	2018-05-29T23:38:54.626Z
5b0de532c50b1915d896c3bd	2018-05-29T23:41:38.160Z	1	5ae83521567e17937cf407e2	5ae8393c3023169da447c2ae	13	true	2018-05-29T23:41:38.160Z
5b0de552c50b1915d896c3c0	2018-05-29T23:42:10.282Z	2	5ae83521567e17937cf407e2	5ae8393c3023169da447c2ae	13	true	2018-05-29T23:42:10.282Z
5b0de552c50b1915d896c3c1		0	5ae8353d567e17937cf407e3	5ae8393c3023169da447c2ae	13	true	2018-05-29T23:42:10.284Z
5b0de7b3c50b1915d896c3e8	2018-05-29T23:52:19.679Z	1	5ae8353d567e17937cf407e3	5ae8393c3023169da447c2ae	13	true	2018-05-29T23:52:19.679Z
5b0de7c5c50b1915d896c3ea	2018-05-29T23:52:37.113Z	2	5ae8353d567e17937cf407e3	5ae8393c3023169da447c2ae	13	true	2018-05-29T23:52:37.113Z
5b0de7c5c50b1915d896c3eb		0	5af85642ac5680781c7bb90c	5ae8393c3023169da447c2ae	13	true	2018-05-29T23:52:37.115Z
5b0defe0c50b1915d896c46f	2018-05-30T00:27:12.267Z	1	5af85642ac5680781c7bb90c	5ae8393c3023169da447c2ae	13	true	2018-05-30T00:27:12.267Z
5b0df026c50b1915d896c475	2018-05-30T00:28:22.983Z	2	5af85642ac5680781c7bb90c	5ae8393c3023169da447c2ae	13	true	2018-05-30T00:28:22.983Z
5b0e755dc50b1915d896c479	2018-05-30T09:56:45.604Z	1	5afc3d252801f3052630fe04	5ae8393c3023169da447c2ae	13	false	2018-05-30T09:56:45.604Z
5b0e756dc50b1915d896c47b	2018-05-30T09:57:01.925Z	2	5afc3d252801f3052630fe04	5ae8393c3023169da447c2ae	13	false	2018-05-30T09:57:01.925Z
5b0e756dc50b1915d896c47c		0	5afc341c2801f3052630fdb0	5ae8393c3023169da447c2ae	13	false	2018-05-30T09:57:01.927Z
5b0e811cc50b1915d896c532	2018-05-30T10:46:52.018Z	1	5afc341c2801f3052630fdb0	5ae8393c3023169da447c2ae	13	false	2018-05-30T10:46:52.018Z
5b0e8153c50b1915d896c536	2018-05-30T10:47:47.677Z	2	5afc341c2801f3052630fdb0	5ae8393c3023169da447c2ae	13	false	2018-05-30T10:47:47.677Z
5b0e8153c50b1915d896c537		0	5afc341c2801f3052630fdb1	5ae8393c3023169da447c2ae	13	false	2018-05-30T10:47:47.679Z
5b0e8173c50b1915d896c53a	2018-05-30T10:48:19.899Z	1	5afc341c2801f3052630fdb1	5ae8393c3023169da447c2ae	13	false	2018-05-30T10:48:19.899Z
5b0e8194c50b1915d896c53d	2018-05-30T10:48:52.039Z	2	5afc341c2801f3052630fdb1	5ae8393c3023169da447c2ae	13	false	2018-05-30T10:48:52.039Z
5b0e8194c50b1915d896c53e		0	5afc341c2801f3052630fdb2	5ae8393c3023169da447c2ae	13	false	2018-05-30T10:48:52.040Z
5b0e81a2c50b1915d896c540	2018-05-30T10:49:06.251Z	1	5afc341c2801f3052630fdb2	5ae8393c3023169da447c2ae	13	false	2018-05-30T10:49:06.251Z
5b0e81c2c50b1915d896c543	2018-05-30T10:49:38.190Z	2	5afc341c2801f3052630fdb2	5ae8393c3023169da447c2ae	13	false	2018-05-30T10:49:38.190Z
5b0e81c2c50b1915d896c544		0	5afc341c2801f3052630fdb3	5ae8393c3023169da447c2ae	13	false	2018-05-30T10:49:38.191Z
5b0e8249c50b1915d896c54d	2018-05-30T10:51:53.566Z	1	5afc341c2801f3052630fdb3	5ae8393c3023169da447c2ae	13	false	2018-05-30T10:51:53.566Z
5b0e82aac50b1915d896c554	2018-05-30T10:53:30.721Z	2	5afc341c2801f3052630fdb3	5ae8393c3023169da447c2ae	13	false	2018-05-30T10:53:30.721Z
5b0e82aac50b1915d896c555		0	5afc341c2801f3052630fdb4	5ae8393c3023169da447c2ae	13	false	2018-05-30T10:53:30.722Z
5b0e83aec50b1915d896c565	2018-05-30T10:57:50.374Z	1	5afc341c2801f3052630fdb4	5ae8393c3023169da447c2ae	13	false	2018-05-30T10:57:50.374Z
5b0e8400c50b1915d896c56b	2018-05-30T10:59:12.205Z	2	5afc341c2801f3052630fdb4	5ae8393c3023169da447c2ae	13	false	2018-05-30T10:59:12.205Z
5b0e8400c50b1915d896c56c		0	5afc341c2801f3052630fdb5	5ae8393c3023169da447c2ae	13	false	2018-05-30T10:59:12.207Z
5b0e8451c50b1915d896c572	2018-05-30T11:00:33.454Z	1	5afc341c2801f3052630fdb5	5ae8393c3023169da447c2ae	13	false	2018-05-30T11:00:33.454Z
5b0e8486c50b1915d896c576	2018-05-30T11:01:26.393Z	2	5afc341c2801f3052630fdb5	5ae8393c3023169da447c2ae	13	false	2018-05-30T11:01:26.393Z
